Rk,Player,Age,Team,Pos,GP,G,A,PTS,+/-,PIM,EVG,PPG,SHG,GWG,EV,PP,SH,SOG,SPCT,TSA,TOI,ATOI,FOW,FOL,FO%,BLK,HIT,TAKE,GIVE,Awards,GS,W,L,T/O,GA,Shots,SV,SV%,GAA,SO,MIN,QS,QS%,RBS,GA%-,GSAA,GAA/A,GPS,Season,Player_clean,PTS_team,W_team,L_team,is_goalie,team_win_pct,G_per_GP,A_per_GP,PTS_per_GP,SOG_per_GP,PPG_per_GP,SHG_per_GP,TOI_min,ATOI_min,Hart_VoteShare_Pred,Hart_Top5_Prob,Hart_Win_Prob,Hart_VoteShare_Scaled,Hart_FinalScore,Hart_Rank
1.0,Nathan MacKinnon,30.0,COL,C,33.0,28.0,30.0,58.0,43.0,12.0,22.0,6.0,0.0,3.0,22.0,8.0,0.0,155.0,18.1,265.0,722:42,21:54,319.0,339.0,48.5,20.0,26.0,9.0,59.0,,,,,,,,,,,,,,,,,,,,,,55.0,24.0,2.0,0,0.9230769230769231,0.8484848484848485,0.9090909090909091,1.7575757575757576,4.696969696969697,0.18181818181818182,0.0,722.7,21.9,0.18627528820803127,0.9999999999452689,0.04639370796116977,1.0,0.9046393707742246,1
16.0,Wyatt Johnston,22.0,DAL,C,34.0,17.0,22.0,39.0,-3.0,10.0,5.0,12.0,0.0,3.0,13.0,9.0,0.0,87.0,19.5,162.0,692:32,20:22,175.0,192.0,47.7,25.0,10.0,9.0,20.0,,,,,,,,,,,,,,,,,,,,,,49.0,22.0,7.0,0,0.7586206896551724,0.5,0.6470588235294118,1.1470588235294117,2.5588235294117645,0.35294117647058826,0.0,692.5333333333333,20.366666666666667,0.1205163030617734,0.9696787233338987,0.04344105060823757,0.6577826836110264,0.7211069361998965,2
2.0,Connor McDavid,29.0,EDM,C,34.0,20.0,36.0,56.0,0.0,14.0,14.0,6.0,0.0,1.0,18.0,17.0,1.0,108.0,18.5,198.0,770:51,22:40,167.0,181.0,48.0,14.0,11.0,12.0,54.0,,,,,,,,,,,,,,,,,,,,,,38.0,16.0,12.0,0,0.5714285714285714,0.5882352941176471,1.0588235294117647,1.6470588235294117,3.176470588235294,0.17647058823529413,0.0,770.85,22.666666666666668,0.09537636887997238,0.9999806560248848,0.04236255886234297,0.5269515767933606,0.6677043066928685,3
6.0,Connor Bedard,20.0,CHI,C,31.0,19.0,25.0,44.0,8.0,30.0,14.0,5.0,0.0,3.0,17.0,8.0,0.0,103.0,18.4,192.0,652:48,21:03,148.0,167.0,47.0,15.0,9.0,13.0,42.0,,,,,,,,,,,,,,,,,,,,,,32.0,13.0,14.0,0,0.48148148148148145,0.6129032258064516,0.8064516129032258,1.4193548387096775,3.3225806451612905,0.16129032258064516,0.0,652.8,21.05,0.05691515626317296,0.9998013480085536,0.04076417833639547,0.32679500598387573,0.5673944600289988,4
10.0,Kyle Connor,29.0,WPG,LW,32.0,15.0,26.0,41.0,8.0,8.0,12.0,1.0,2.0,1.0,18.0,8.0,0.0,107.0,14.0,185.0,659:18,20:36,0.0,0.0,,5.0,9.0,8.0,26.0,,,,,,,,,,,,,,,,,,,,,,32.0,15.0,15.0,0,0.5,0.46875,0.8125,1.28125,3.34375,0.03125,0.0625,659.3,20.6,0.05952222454785355,0.8813300718258558,0.04087059198644067,0.3403624889680162,0.5268003324129945,5
5.0,Martin Nečas,27.0,COL,C,33.0,14.0,31.0,45.0,32.0,22.0,11.0,3.0,0.0,0.0,25.0,6.0,0.0,70.0,20.0,155.0,689:07,20:53,9.0,9.0,50.0,12.0,31.0,9.0,56.0,,,,,,,,,,,,,,,,,,,,,,55.0,24.0,2.0,0,0.9230769230769231,0.42424242424242425,0.9393939393939394,1.3636363636363635,2.121212121212121,0.09090909090909091,0.0,689.1166666666667,20.883333333333333,0.03431291402479335,0.9998120552158186,0.039853150917915074,0.20917033969700646,0.5084953070266222,6
13.0,Jason Robertson,26.0,DAL,LW,34.0,20.0,20.0,40.0,13.0,2.0,12.0,8.0,0.0,3.0,10.0,10.0,0.0,130.0,15.4,229.0,676:13,19:53,0.0,1.0,0.0,13.0,22.0,11.0,48.0,,,,,,,,,,,,,,,,,,,,,,49.0,22.0,7.0,0,0.7586206896551724,0.5882352941176471,0.5882352941176471,1.1764705882352942,3.823529411764706,0.23529411764705882,0.0,676.2166666666667,19.883333333333333,0.033572477014501556,0.9962570631560694,0.039823653091987404,0.20531702039693586,0.5051437007700944,7
9.0,Leo Carlsson,21.0,ANA,C,34.0,17.0,24.0,41.0,10.0,25.0,12.0,3.0,2.0,3.0,15.0,8.0,1.0,85.0,20.0,172.0,680:57,20:02,259.0,312.0,45.4,13.0,5.0,13.0,34.0,,,,,,,,,,,,,,,,,,,,,,42.0,20.0,12.0,0,0.625,0.5,0.7058823529411765,1.2058823529411764,2.5,0.08823529411764706,0.058823529411764705,680.95,20.033333333333335,0.030358458809369483,0.9959134365246961,0.03969586461320713,0.18859090026994066,0.4966304112061695,8
14.0,Mark Scheifele,32.0,WPG,C,32.0,16.0,24.0,40.0,11.0,20.0,13.0,3.0,0.0,2.0,20.0,3.0,1.0,69.0,23.2,124.0,648:32,20:16,248.0,269.0,48.0,12.0,9.0,7.0,46.0,,,,,,,,,,,,,,,,,,,,,,32.0,15.0,15.0,0,0.5,0.5,0.75,1.25,2.15625,0.09375,0.0,648.5333333333333,20.266666666666666,0.029339916428859393,0.9628690208086216,0.039655453276590744,0.18329028866057132,0.48075829798139336,9
70.0,Seth Jarvis,23.0,CAR,C,32.0,18.0,8.0,26.0,0.0,6.0,15.0,1.0,2.0,4.0,7.0,1.0,0.0,102.0,17.6,159.0,605:45,18:56,19.0,30.0,38.8,12.0,40.0,18.0,33.0,,,,,,,,,,,,,,,,,,,,,,44.0,21.0,9.0,0,0.7,0.5625,0.25,0.8125,3.1875,0.03125,0.0625,605.75,18.933333333333334,0.027707631366114857,0.9607313447191257,0.039590777071912435,0.17479568959533573,0.4756494603925094,10
27.0,Brad Marchand,37.0,FLA,LW,31.0,19.0,16.0,35.0,-4.0,24.0,16.0,3.0,0.0,2.0,9.0,7.0,0.0,87.0,21.8,171.0,569:22,18:22,1.0,6.0,14.3,13.0,20.0,10.0,35.0,,,,,,,,,,,,,,,,,,,,,,36.0,17.0,13.0,0,0.5666666666666667,0.6129032258064516,0.5161290322580645,1.1290322580645162,2.806451612903226,0.0967741935483871,0.0,569.3666666666667,18.366666666666667,0.015914722375909213,0.9866310316240072,0.03912662884910976,0.1134240358498972,0.45527709345946255,11
18.0,Kirill Kaprizov,28.0,MIN,LW,34.0,21.0,17.0,38.0,1.0,10.0,13.0,8.0,0.0,2.0,12.0,5.0,0.0,113.0,18.6,216.0,757:22,22:17,0.0,2.0,0.0,14.0,14.0,9.0,55.0,,,,,,,,,,,,,,,,,,,,,,45.0,20.0,9.0,0,0.6896551724137931,0.6176470588235294,0.5,1.1176470588235294,3.323529411764706,0.23529411764705882,0.0,757.3666666666667,22.283333333333335,0.012979240580924332,0.9932603242592828,0.039011941755716845,0.09814745121353015,0.4502790494860499,12
20.0,Morgan Geekie,27.0,BOS,C,34.0,24.0,13.0,37.0,-1.0,12.0,18.0,6.0,0.0,4.0,8.0,5.0,0.0,85.0,28.2,142.0,594:03,17:28,47.0,55.0,46.1,12.0,56.0,7.0,22.0,,,,,,,,,,,,,,,,,,,,,,40.0,20.0,14.0,0,0.5882352941176471,0.7058823529411765,0.38235294117647056,1.088235294117647,2.5,0.17647058823529413,0.0,594.05,17.466666666666665,0.011298475654797118,0.9997264215732056,0.03894642692525144,0.08940055736745474,0.4484854900055348,13
12.0,Cale Makar,27.0,COL,D,33.0,10.0,30.0,40.0,31.0,16.0,9.0,1.0,0.0,3.0,20.0,10.0,0.0,96.0,10.4,240.0,831:59,25:13,0.0,0.0,,57.0,15.0,22.0,32.0,,,,,,,,,,,,,,,,,,,,,,55.0,24.0,2.0,0,0.9230769230769231,0.30303030303030304,0.9090909090909091,1.2121212121212122,2.909090909090909,0.030303030303030304,0.0,831.9833333333333,25.216666666666665,0.009245198569754896,0.9995926385240925,0.03886654116117212,0.07871506743351969,0.4430812432425141,14
40.0,Bo Horvat,30.0,NYI,C,32.0,19.0,12.0,31.0,5.0,26.0,13.0,5.0,1.0,3.0,6.0,6.0,0.0,111.0,17.1,193.0,654:19,20:27,335.0,245.0,57.8,14.0,19.0,7.0,38.0,,,,,,,,,,,,,,,,,,,,,,41.0,19.0,12.0,0,0.6129032258064516,0.59375,0.375,0.96875,3.46875,0.15625,0.03125,654.3166666666667,20.45,0.016349626625271067,0.9289590591945628,0.03914364888703459,0.1156873275471725,0.43334165234011485,15
26.0,Sidney Crosby,38.0,PIT,C,32.0,19.0,16.0,35.0,-6.0,28.0,11.0,8.0,0.0,2.0,10.0,6.0,0.0,78.0,24.4,136.0,631:09,19:43,366.0,295.0,55.4,14.0,26.0,10.0,31.0,,,,,,,,,,,,,,,,,,,,,,37.0,14.0,9.0,0,0.6086956521739131,0.59375,0.5,1.09375,2.4375,0.25,0.0,631.15,19.716666666666665,0.012562786856978356,0.9495393745817523,0.03899569846981753,0.09598017817104013,0.43170540876520275,16
39.0,Brandon Hagel,27.0,TBL,LW,32.0,18.0,13.0,31.0,18.0,20.0,15.0,2.0,1.0,4.0,11.0,2.0,0.0,95.0,18.9,210.0,612:08,19:08,16.0,19.0,45.7,18.0,25.0,15.0,39.0,,,,,,,,,,,,,,,,,,,,,,39.0,18.0,12.0,0,0.6,0.5625,0.40625,0.96875,2.96875,0.0625,0.03125,612.1333333333333,19.133333333333333,0.016539710789628542,0.923336206912371,0.03915109018203695,0.11667654738488402,0.4315878654755941,17
4.0,Leon Draisaitl,30.0,EDM,C,34.0,17.0,30.0,47.0,10.0,10.0,8.0,8.0,1.0,1.0,17.0,13.0,0.0,89.0,19.1,177.0,746:54,21:58,303.0,226.0,57.3,10.0,17.0,10.0,52.0,,,,,,,,,,,,,,,,,,,,,,38.0,16.0,12.0,0,0.5714285714285714,0.5,0.8823529411764706,1.3823529411764706,2.6176470588235294,0.23529411764705882,0.029411764705882353,746.9,21.966666666666665,0.006204584509272612,0.987198706416913,0.0,0.06289136240464058,0.42632516376908547,18
17.0,Matt Boldy,24.0,MIN,LW,34.0,19.0,19.0,38.0,11.0,20.0,12.0,5.0,2.0,2.0,11.0,8.0,0.0,111.0,17.1,232.0,722:08,21:14,23.0,28.0,45.1,26.0,25.0,13.0,35.0,,,,,,,,,,,,,,,,,,,,,,45.0,20.0,9.0,0,0.6896551724137931,0.5588235294117647,0.5588235294117647,1.1176470588235294,3.264705882352941,0.14705882352941177,0.058823529411764705,722.1333333333333,21.233333333333334,0.0045799113216551095,0.9904537485739606,0.0,0.054436376412399776,0.4233996876357841,19
11.0,Jack Eichel,29.0,VEG,C,31.0,12.0,29.0,41.0,6.0,2.0,12.0,0.0,0.0,3.0,13.0,16.0,0.0,117.0,10.3,190.0,661:46,21:21,232.0,256.0,47.5,21.0,16.0,16.0,54.0,,,,,,,,,,,,,,,,,,,,,,41.0,16.0,6.0,0,0.7272727272727273,0.3870967741935484,0.9354838709677419,1.3225806451612903,3.774193548387097,0.0,0.0,661.7666666666667,21.35,0.006624590865320158,0.9728215844213486,0.0,0.0650771237528916,0.4216671956449852,20
3.0,Macklin Celebrini,19.0,SJS,F,34.0,18.0,33.0,51.0,13.0,28.0,14.0,4.0,0.0,4.0,22.0,11.0,0.0,102.0,17.6,190.0,694:39,20:26,250.0,272.0,47.9,19.0,21.0,17.0,54.0,,,,,,,,,,,,,,,,,,,,,,37.0,17.0,14.0,0,0.5483870967741935,0.5294117647058824,0.9705882352941176,1.5,3.0,0.11764705882352941,0.0,694.65,20.433333333333334,0.0002825468469716562,0.9998877910042769,0.0,0.03207239778954582,0.4159913152964837,21
15.0,Alex DeBrincat,28.0,DET,RW,34.0,20.0,19.0,39.0,4.0,10.0,11.0,9.0,0.0,4.0,16.0,3.0,0.0,122.0,16.4,233.0,614:49,18:05,6.0,16.0,27.3,16.0,15.0,15.0,29.0,,,,,,,,,,,,,,,,,,,,,,41.0,19.0,12.0,0,0.6129032258064516,0.5882352941176471,0.5588235294117647,1.1470588235294117,3.588235294117647,0.2647058823529412,0.0,614.8166666666667,18.083333333333332,0.01101621645638009,0.9117535065786802,0.03893543548929623,0.08793164805880986,0.41256077020980664,22
23.0,Cutter Gauthier,22.0,ANA,LW,34.0,18.0,18.0,36.0,15.0,14.0,14.0,4.0,0.0,3.0,14.0,4.0,0.0,127.0,14.2,243.0,610:57,17:58,23.0,29.0,44.2,9.0,26.0,10.0,34.0,,,,,,,,,,,,,,,,,,,,,,42.0,20.0,12.0,0,0.625,0.5294117647058824,0.5294117647058824,1.0588235294117647,3.735294117647059,0.11764705882352941,0.0,610.95,17.966666666666665,0.006538885254156783,0.9073309959478532,0.0,0.06463110190224147,0.39524794933026197,23
7.0,Mikko Rantanen,29.0,DAL,RW,33.0,14.0,30.0,44.0,-3.0,67.0,10.0,4.0,0.0,1.0,13.0,17.0,0.0,86.0,16.3,163.0,667:25,20:13,22.0,23.0,48.9,18.0,24.0,7.0,35.0,,,,,,,,,,,,,,,,,,,,,,49.0,22.0,7.0,0,0.7586206896551724,0.42424242424242425,0.9090909090909091,1.3333333333333333,2.606060606060606,0.12121212121212122,0.0,667.4166666666666,20.216666666666665,-0.005880345060726012,0.9761904428074462,0.0,0.0,0.3904761771229785,24
8.0,Nikita Kucherov,32.0,TBL,RW,30.0,13.0,29.0,42.0,8.0,16.0,10.0,3.0,0.0,3.0,21.0,8.0,0.0,96.0,13.5,231.0,623:24,20:47,0.0,1.0,0.0,11.0,11.0,9.0,49.0,,,,,,,,,,,,,,,,,,,,,,39.0,18.0,12.0,0,0.6,0.43333333333333335,0.9666666666666667,1.4,3.2,0.1,0.0,623.4,20.783333333333335,0.008260666906174888,0.8707627390185076,0.038828294651284484,0.07359145150391018,0.38898365082448666,25
19.0,David Pastrňák,29.0,BOS,RW,29.0,13.0,25.0,38.0,-5.0,16.0,7.0,6.0,0.0,2.0,16.0,9.0,0.0,103.0,12.6,223.0,575:57,19:52,1.0,0.0,100.0,11.0,38.0,11.0,49.0,,,,,,,,,,,,,,,,,,,,,,40.0,20.0,14.0,0,0.5882352941176471,0.4482758620689655,0.8620689655172413,1.3103448275862069,3.5517241379310347,0.20689655172413793,0.0,575.95,19.866666666666667,0.06900912883279005,0.44606551679343187,0.041260172414910055,0.3897334291978438,0.3774189385577857,26
24.0,William Nylander,29.0,TOR,C,28.0,11.0,25.0,36.0,5.0,12.0,9.0,2.0,0.0,2.0,20.0,5.0,0.0,58.0,19.0,127.0,553:22,19:46,15.0,26.0,36.6,11.0,4.0,12.0,33.0,,,,,,,,,,,,,,,,,,,,,,35.0,15.0,12.0,0,0.5555555555555556,0.39285714285714285,0.8928571428571429,1.2857142857142858,2.0714285714285716,0.07142857142857142,0.0,553.3666666666667,19.766666666666666,0.013301310919613127,0.7922125266392768,0.03902450836856902,0.09982354227164829,0.3706992326283918,27
25.0,Zach Werenski,28.0,CBJ,D,33.0,11.0,25.0,36.0,7.0,6.0,10.0,1.0,0.0,0.0,16.0,8.0,1.0,120.0,9.2,257.0,881:25,26:43,0.0,0.0,,49.0,17.0,19.0,57.0,,,,,,,,,,,,,,,,,,,,,,34.0,14.0,13.0,0,0.5185185185185185,0.3333333333333333,0.7575757575757576,1.0909090909090908,3.6363636363636362,0.030303030303030304,0.0,881.4166666666666,26.716666666666665,0.0034002036567612696,0.7638931042643177,0.0,0.04829704214035244,0.3297057627759033,28
37.0,Sam Reinhart,30.0,FLA,C,32.0,17.0,15.0,32.0,-7.0,4.0,9.0,5.0,3.0,5.0,9.0,6.0,0.0,84.0,20.2,189.0,668:57,20:54,27.0,54.0,33.3,22.0,29.0,8.0,23.0,,,,,,,,,,,,,,,,,,,,,,36.0,17.0,13.0,0,0.5666666666666667,0.53125,0.46875,1.0,2.625,0.15625,0.09375,668.95,20.9,0.0065693660888723575,0.7413266631894507,0.0,0.06478972766926723,0.32892552911041395,29
34.0,Trevor Zegras,24.0,PHI,C,32.0,14.0,19.0,33.0,4.0,26.0,10.0,4.0,0.0,2.0,12.0,7.0,0.0,77.0,18.2,157.0,593:09,18:32,47.0,65.0,42.0,8.0,11.0,11.0,29.0,,,,,,,,,,,,,,,,,,,,,,40.0,17.0,9.0,0,0.6538461538461539,0.4375,0.59375,1.03125,2.40625,0.125,0.0,593.15,18.533333333333335,0.00589141494783861,0.7001510805357494,0.0,0.06126159201432374,0.31069122822146167,30
30.0,Cole Caufield,25.0,MTL,RW,33.0,17.0,16.0,33.0,5.0,8.0,14.0,3.0,0.0,5.0,7.0,9.0,0.0,93.0,18.3,176.0,608:41,18:27,2.0,6.0,25.0,9.0,30.0,13.0,18.0,,,,,,,,,,,,,,,,,,,,,,38.0,17.0,12.0,0,0.5862068965517241,0.5151515151515151,0.48484848484848486,1.0,2.8181818181818183,0.09090909090909091,0.0,608.6833333333333,18.45,0.007169184706859875,0.6551792654244493,0.0,0.06791125269449813,0.2960273325170288,31
748.0,Scott Wedgewood,33.0,COL,G,21.0,0.0,1.0,1.0,0.0,0.0,0.0,0.0,0.0,0.0,0.0,1.0,0.0,0.0,,0.0,1194:20,56:52,0.0,0.0,,0.0,0.0,0.0,9.0,,,,,,,,,,,,,,,,,,,,,,55.0,24.0,2.0,1,0.9230769230769231,0.0,0.047619047619047616,0.047619047619047616,0.0,0.0,0.0,1194.3333333333333,56.86666666666667,0.001061128221512243,0.6948767254392034,0.0,0.0361242247451034,0.29601280254823303,32
32.0,Dylan Larkin,29.0,DET,C,34.0,17.0,16.0,33.0,8.0,24.0,13.0,4.0,0.0,4.0,13.0,3.0,0.0,105.0,16.2,208.0,696:47,20:30,381.0,321.0,54.3,23.0,12.0,10.0,33.0,,,,,,,,,,,,,,,,,,,,,,41.0,19.0,12.0,0,0.6129032258064516,0.5,0.47058823529411764,0.9705882352941176,3.088235294117647,0.11764705882352941,0.0,696.7833333333333,20.5,0.0040610134652473455,0.6197740134697026,0.0,0.0517359723306625,0.2737775915532123,33
57.0,Artturi Lehkonen,30.0,COL,LW,33.0,13.0,15.0,28.0,30.0,4.0,12.0,1.0,0.0,0.0,14.0,1.0,0.0,84.0,15.5,150.0,652:35,19:47,0.0,3.0,0.0,20.0,23.0,10.0,23.0,,,,,,,,,,,,,,,,,,,,,,55.0,24.0,2.0,0,0.9230769230769231,0.3939393939393939,0.45454545454545453,0.8484848484848485,2.5454545454545454,0.030303030303030304,0.0,652.5833333333334,19.783333333333335,0.006284172204450558,0.5331148393737994,0.0,0.06330554591736973,0.24489870870820463,34
18.0,Scott Wedgewood,33.0,COL,G,21.0,0.0,1.0,1.0,,0.0,,0.0,0.0,,,,,0.0,,,,,,,,,,,,,21.0,14.0,1.0,4.0,42.0,525.0,483.0,0.92,2.11,1.0,1194:20,15.0,0.714,4.0,79.0,11.5,2.21,4.6,2026.0,Scott Wedgewood,55.0,24.0,2.0,1,0.9230769230769231,0.0,0.047619047619047616,0.047619047619047616,,,,,,0.0011436606956215132,0.41282563651304255,0.0,0.03655373322583493,0.1834071212181345,35
38.0,Tom Wilson,31.0,WSH,RW,33.0,17.0,15.0,32.0,16.0,54.0,11.0,6.0,0.0,2.0,13.0,2.0,0.0,74.0,23.0,141.0,643:18,19:30,11.0,10.0,52.4,23.0,86.0,8.0,39.0,,,,,,,,,,,,,,,,,,,,,,40.0,18.0,11.0,0,0.6206896551724138,0.5151515151515151,0.45454545454545453,0.9696969696969697,2.242424242424242,0.18181818181818182,0.0,643.3,19.5,0.0036807165714201175,0.36336723620800143,0.0,0.04975686358761916,0.17022532627701015,36
31.0,Jake Guentzel,31.0,TBL,C,33.0,15.0,18.0,33.0,6.0,13.0,10.0,4.0,1.0,2.0,12.0,6.0,0.0,88.0,17.0,152.0,680:25,20:37,72.0,74.0,49.3,19.0,14.0,13.0,23.0,,,,,,,,,,,,,,,,,,,,,,39.0,18.0,12.0,0,0.6,0.45454545454545453,0.5454545454545454,1.0,2.6666666666666665,0.12121212121212122,0.030303030303030304,680.4166666666666,20.616666666666667,0.005524737804331457,0.3349278126619723,0.0,0.059353362017265564,0.1636478060734217,37
33.0,Tim Stützle,24.0,OTT,LW,32.0,15.0,18.0,33.0,0.0,18.0,10.0,5.0,0.0,3.0,11.0,7.0,0.0,82.0,18.3,152.0,661:01,20:39,164.0,134.0,55.0,23.0,56.0,14.0,44.0,,,,,,,,,,,,,,,,,,,,,,34.0,15.0,13.0,0,0.5357142857142857,0.46875,0.5625,1.03125,2.5625,0.15625,0.0,661.0166666666667,20.65,0.006142645781273543,0.28239765546216156,0.0,0.06256902614550817,0.14424357525761872,38
45.0,Gabriel Vilardi,26.0,WPG,C,32.0,16.0,14.0,30.0,-1.0,12.0,10.0,6.0,0.0,2.0,11.0,3.0,0.0,70.0,22.9,130.0,596:02,18:38,22.0,23.0,48.9,14.0,9.0,8.0,27.0,,,,,,,,,,,,,,,,,,,,,,32.0,15.0,15.0,0,0.5,0.5,0.4375,0.9375,2.1875,0.1875,0.0,596.0333333333333,18.633333333333333,0.0072278401634434854,0.2416329403922037,0.0,0.06821650243183772,0.13076142737280033,39
864.0,Jake Oettinger,27.0,DAL,G,22.0,0.0,0.0,0.0,0.0,0.0,0.0,0.0,0.0,0.0,0.0,0.0,0.0,0.0,,0.0,1322:25,60:07,0.0,0.0,,0.0,0.0,0.0,7.0,,,,,,,,,,,,,,,,,,,,,,49.0,22.0,7.0,1,0.7586206896551724,0.0,0.0,0.0,0.0,0.0,0.0,1322.4166666666667,60.11666666666667,0.0014114385993558743,0.26140412704622545,0.0,0.037947280212614315,0.12353529092479734,40
47.0,Miro Heiskanen,26.0,DAL,D,34.0,7.0,22.0,29.0,5.0,10.0,5.0,1.0,1.0,2.0,11.0,11.0,0.0,75.0,9.3,150.0,887:14,26:06,0.0,0.0,,61.0,5.0,27.0,41.0,,,,,,,,,,,,,,,,,,,,,,49.0,22.0,7.0,0,0.7586206896551724,0.20588235294117646,0.6470588235294118,0.8529411764705882,2.2058823529411766,0.029411764705882353,0.029411764705882353,887.2333333333333,26.1,0.006293924687856686,0.2211650629487402,0.0,0.06335629896186926,0.12014417466043072,41
42.0,Drake Batherson,27.0,OTT,C,29.0,13.0,17.0,30.0,2.0,12.0,8.0,5.0,0.0,2.0,11.0,6.0,0.0,64.0,20.3,127.0,529:12,18:15,5.0,4.0,55.6,12.0,42.0,12.0,21.0,,,,,,,,,,,,,,,,,,,,,,34.0,15.0,13.0,0,0.5357142857142857,0.4482758620689655,0.5862068965517241,1.0344827586206897,2.206896551724138,0.1724137931034483,0.0,529.2,18.25,0.0060187586423291525,0.22202881152872198,0.0,0.061924303236078206,0.11977367622952789,42
66.0,Jakob Chychrun,27.0,WSH,D,33.0,12.0,14.0,26.0,23.0,33.0,8.0,4.0,0.0,3.0,12.0,2.0,0.0,110.0,10.9,247.0,767:39,23:16,0.0,0.0,,38.0,33.0,15.0,38.0,,,,,,,,,,,,,,,,,,,,,,40.0,18.0,11.0,0,0.6206896551724138,0.36363636363636365,0.42424242424242425,0.7878787878787878,3.3333333333333335,0.12121212121212122,0.0,767.65,23.266666666666666,8.105805628942299e-05,0.24841189786714038,0.0,0.031023826965705218,0.11487667262970877,43
98.0,Auston Matthews,28.0,TOR,C,27.0,14.0,9.0,23.0,11.0,10.0,11.0,3.0,0.0,2.0,8.0,1.0,0.0,102.0,13.7,183.0,568:01,21:02,269.0,185.0,59.3,48.0,18.0,11.0,29.0,,,,,,,,,,,,,,,,,,,,,,35.0,15.0,12.0,0,0.5555555555555556,0.5185185185185185,0.3333333333333333,0.8518518518518519,3.7777777777777777,0.1111111111111111,0.0,568.0166666666667,21.033333333333335,0.0027771363489543497,0.17442411225149776,0.0,0.04505452826132674,0.09229690903126248,44
115.0,Brock Nelson,34.0,COL,C,33.0,13.0,9.0,22.0,11.0,16.0,10.0,3.0,0.0,3.0,8.0,1.0,0.0,63.0,20.6,106.0,611:31,18:32,293.0,289.0,50.3,29.0,18.0,9.0,22.0,,,,,,,,,,,,,,,,,,,,,,55.0,24.0,2.0,0,0.9230769230769231,0.3939393939393939,0.2727272727272727,0.6666666666666666,1.9090909090909092,0.09090909090909091,0.0,611.5166666666667,18.533333333333335,0.006284172204450558,0.108003166415297,0.0,0.06330554591736973,0.07485403952480367,45
21.0,Lucas Raymond,23.0,DET,LW,32.0,10.0,27.0,37.0,7.0,4.0,7.0,3.0,0.0,3.0,17.0,10.0,0.0,71.0,14.1,145.0,600:26,18:46,1.0,0.0,100.0,14.0,16.0,15.0,35.0,,,,,,,,,,,,,,,,,,,,,,41.0,19.0,12.0,0,0.6129032258064516,0.3125,0.84375,1.15625,2.21875,0.09375,0.0,600.4333333333333,18.766666666666666,0.007605631778683244,0.09868077651761042,0.0,0.0701825734171799,0.07456359731563413,46
53.0,Tage Thompson,28.0,BUF,C,32.0,16.0,13.0,29.0,-11.0,17.0,13.0,3.0,0.0,1.0,7.0,6.0,0.0,117.0,13.7,233.0,600:25,18:46,133.0,150.0,47.0,16.0,36.0,13.0,30.0,,,,,,,,,,,,,,,,,,,,,,32.0,14.0,14.0,0,0.5,0.5,0.40625,0.90625,3.65625,0.09375,0.0,600.4166666666666,18.766666666666666,0.0031497809349586956,0.12765612596152853,0.0,0.04699381351497917,0.074559357142101,47
799.0,Filip Gustavsson,27.0,MIN,G,22.0,0.0,0.0,0.0,0.0,0.0,0.0,0.0,0.0,0.0,0.0,0.0,0.0,0.0,,0.0,1326:10,60:17,0.0,0.0,,0.0,0.0,0.0,12.0,,,,,,,,,,,,,,,,,,,,,,45.0,20.0,9.0,1,0.6896551724137931,0.0,0.0,0.0,0.0,0.0,0.0,1326.1666666666667,60.28333333333333,0.002396872808470938,0.12547674951605275,0.0,0.04307559309291792,0.07172849635288006,48
93.0,Logan Cooley,21.0,UTA,C,29.0,14.0,9.0,23.0,6.0,22.0,10.0,3.0,1.0,1.0,8.0,1.0,0.0,59.0,23.7,101.0,516:46,17:49,133.0,189.0,41.3,13.0,34.0,11.0,37.0,,,,,,,,,,,,,,,,,,,,,,35.0,16.0,16.0,0,0.5,0.4827586206896552,0.3103448275862069,0.7931034482758621,2.0344827586206895,0.10344827586206896,0.034482758620689655,516.7666666666667,17.816666666666666,0.0008519320862446253,0.13353833679068233,0.0,0.035035544014234435,0.07093310672339015,49
163.0,Shane Pinto,25.0,OTT,C,27.0,12.0,6.0,18.0,4.0,16.0,11.0,1.0,0.0,1.0,5.0,0.0,1.0,65.0,18.5,133.0,511:56,18:58,162.0,139.0,53.8,18.0,34.0,7.0,23.0,,,,,,,,,,,,,,,,,,,,,,34.0,15.0,13.0,0,0.5357142857142857,0.4444444444444444,0.2222222222222222,0.6666666666666666,2.4074074074074074,0.037037037037037035,0.0,511.93333333333334,18.966666666666665,0.0176014114291998,0.01464822020876959,0.03919267899305015,0.12220175953459143,0.07087943575010856,50
80.0,Filip Forsberg,31.0,NSH,C,32.0,14.0,11.0,25.0,-1.0,18.0,13.0,1.0,0.0,1.0,6.0,5.0,0.0,101.0,13.9,213.0,596:05,18:38,5.0,11.0,31.3,12.0,65.0,19.0,45.0,,,,,,,,,,,,,,,,,,,,,,30.0,13.0,15.0,0,0.4642857142857143,0.4375,0.34375,0.78125,3.15625,0.03125,0.0,596.0833333333334,18.633333333333333,0.017591658945793676,0.005234743719069358,0.03919229676896245,0.12215100649009189,0.06708863040956993,51
13.0,Jake Oettinger,27.0,DAL,G,22.0,0.0,0.0,0.0,,0.0,,0.0,0.0,,,,,0.0,,,,,,,,,,,,,22.0,14.0,6.0,2.0,56.0,600.0,544.0,0.907,2.54,2.0,1322:25,14.0,0.636,3.0,92.0,5.1,2.68,4.4,2026.0,Jake Oettinger,49.0,22.0,7.0,1,0.7586206896551724,0.0,0.0,0.0,,,,,,0.0012413993241091905,0.0985004515608293,0.0,0.0370623762815968,0.05793136876513012,52
51.0,Evgeni Malkin,39.0,PIT,C,26.0,8.0,21.0,29.0,5.0,20.0,6.0,2.0,0.0,1.0,10.0,11.0,0.0,66.0,12.1,111.0,455:10,17:30,94.0,114.0,45.2,7.0,10.0,8.0,28.0,,,,,,,,,,,,,,,,,,,,,,37.0,14.0,9.0,0,0.6086956521739131,0.3076923076923077,0.8076923076923077,1.1153846153846154,2.5384615384615383,0.07692307692307693,0.0,455.1666666666667,17.5,0.011647363865480292,0.007491301251000092,0.038960017245067216,0.09121621171361281,0.052500628081713165,53
741.0,Logan Thompson,28.0,WSH,G,23.0,0.0,1.0,1.0,0.0,0.0,0.0,0.0,0.0,0.0,1.0,0.0,0.0,0.0,,1.0,1347:16,58:35,0.0,0.0,,0.0,0.0,0.0,12.0,,,,,,,,,,,,,,,,,,,,,,40.0,18.0,11.0,1,0.6206896551724138,0.0,0.043478260869565216,0.043478260869565216,0.0,0.0,0.0,1347.2666666666667,58.583333333333336,0.0004135111406201489,0.08917248850713572,0.0,0.03275395102543415,0.052045970915571366,54
89.0,Shayne Gostisbehere,32.0,CAR,D,23.0,3.0,21.0,24.0,11.0,4.0,1.0,2.0,0.0,0.0,16.0,5.0,0.0,39.0,7.7,111.0,467:05,20:18,0.0,0.0,,24.0,9.0,9.0,27.0,,,,,,,,,,,,,,,,,,,,,,44.0,21.0,9.0,0,0.7,0.13043478260869565,0.9130434782608695,1.0434782608695652,1.6956521739130435,0.08695652173913043,0.0,467.0833333333333,20.3,0.010456097299251338,0.006707967874332594,0.03891363311252199,0.08501672359055165,0.04908291225626106,55
77.0,Ivan Barbashev,30.0,VEG,C,31.0,11.0,14.0,25.0,5.0,6.0,10.0,1.0,0.0,1.0,13.0,1.0,0.0,50.0,22.0,85.0,499:03,16:06,3.0,12.0,20.0,14.0,45.0,6.0,31.0,,,,,,,,,,,,,,,,,,,,,,41.0,16.0,6.0,0,0.7272727272727273,0.3548387096774194,0.45161290322580644,0.8064516129032258,1.6129032258064515,0.03225806451612903,0.0,499.05,16.1,0.003491426706812842,0.0572516993145405,0.0,0.048771777377096634,0.047286568414364516,56
901.0,Daniel Vladař,28.0,PHI,G,20.0,0.0,0.0,0.0,0.0,2.0,0.0,0.0,0.0,0.0,0.0,0.0,0.0,0.0,,0.0,1195:22,59:46,0.0,0.0,,0.0,0.0,0.0,5.0,,,,,,,,,,,,,,,,,,,,,,40.0,17.0,9.0,1,0.6538461538461539,0.0,0.0,0.0,0.0,0.0,0.0,1195.3666666666666,59.766666666666666,0.0005014972857016989,0.058536099843148656,0.0,0.03321184103669648,0.0400203604556077,57
29.0,Troy Terry,28.0,ANA,C,34.0,10.0,24.0,34.0,12.0,8.0,8.0,0.0,2.0,1.0,15.0,7.0,2.0,85.0,11.8,177.0,650:54,19:09,2.0,2.0,50.0,8.0,0.0,12.0,26.0,,,,,,,,,,,,,,,,,,,,,,42.0,20.0,12.0,0,0.625,0.29411764705882354,0.7058823529411765,1.0,2.5,0.0,0.058823529411764705,650.9,19.15,0.004493413367626375,0.029158874146620866,0.0,0.05398623111841428,0.03865666521785549,58
12.0,Filip Gustavsson,27.0,MIN,G,22.0,0.0,0.0,0.0,,0.0,,0.0,0.0,,,,,0.0,,,,,,,,,,,,,22.0,11.0,8.0,3.0,55.0,626.0,571.0,0.912,2.49,3.0,1326:10,16.0,0.727,2.0,86.0,8.8,2.62,4.9,2026.0,Filip Gustavsson,45.0,20.0,9.0,1,0.6896551724137931,0.0,0.0,0.0,,,,,,0.0021559317389703465,0.04241658121765534,0.0,0.041821708075851574,0.03787748652498792,59
41.0,Alex Ovechkin,40.0,WSH,LW,33.0,14.0,17.0,31.0,9.0,4.0,12.0,2.0,0.0,3.0,11.0,6.0,0.0,84.0,16.7,218.0,587:13,17:48,2.0,0.0,100.0,6.0,49.0,2.0,32.0,,,,,,,,,,,,,,,,,,,,,,40.0,18.0,11.0,0,0.6206896551724138,0.42424242424242425,0.5151515151515151,0.9393939393939394,2.5454545454545454,0.06060606060606061,0.0,587.2166666666667,17.8,0.0019848342333881547,0.03801036771906561,0.0,0.04093129699254553,0.03566979558389901,60
160.0,Valeri Nichushkin,30.0,COL,RW,25.0,8.0,10.0,18.0,4.0,8.0,7.0,1.0,0.0,1.0,8.0,2.0,0.0,63.0,12.7,115.0,438:33,17:33,1.0,1.0,50.0,5.0,23.0,9.0,19.0,,,,,,,,,,,,,,,,,,,,,,55.0,24.0,2.0,0,0.9230769230769231,0.32,0.4,0.72,2.52,0.04,0.0,438.55,17.55,0.006284172204450558,0.006861268178618121,0.0,0.06330554591736973,0.03439728023013211,61
68.0,Roope Hintz,29.0,DAL,LW,29.0,9.0,17.0,26.0,10.0,10.0,5.0,4.0,0.0,1.0,8.0,9.0,0.0,67.0,13.4,108.0,507:38,17:30,238.0,177.0,57.3,9.0,28.0,1.0,27.0,,,,,,,,,,,,,,,,,,,,,,49.0,22.0,7.0,0,0.7586206896551724,0.3103448275862069,0.5862068965517241,0.896551724137931,2.310344827586207,0.13793103448275862,0.0,507.6333333333333,17.5,0.006293924687856686,0.004689118884130163,0.0,0.06335629896186926,0.03355379703458669,62
885.0,Stuart Skinner,27.0,2TM,G,24.0,0.0,0.0,0.0,0.0,0.0,0.0,0.0,0.0,0.0,0.0,0.0,0.0,0.0,,0.0,1374:05,57:15,0.0,0.0,,0.0,0.0,0.0,12.0,,,,,,,,,,,,,,,,,,,,,,0.0,0.0,0.0,1,,0.0,0.0,0.0,0.0,0.0,0.0,1374.0833333333333,57.25,0.0006098724030705659,0.04101110741497443,0.0,0.03377583760304896,0.03329236176751425,63
157.0,Sam Malinski,27.0,COL,D,33.0,3.0,15.0,18.0,15.0,12.0,3.0,0.0,0.0,1.0,14.0,1.0,0.0,56.0,5.4,144.0,520:25,15:46,0.0,0.0,,35.0,18.0,10.0,28.0,,,,,,,,,,,,,,,,,,,,,,55.0,24.0,2.0,0,0.9230769230769231,0.09090909090909091,0.45454545454545453,0.5454545454545454,1.696969696969697,0.0,0.0,520.4166666666666,15.766666666666667,0.006293924687856686,0.0019531871194286014,0.0,0.06335629896186926,0.03245942432870607,64
44.0,John Tavares,35.0,TOR,C,32.0,13.0,17.0,30.0,-2.0,14.0,11.0,2.0,0.0,1.0,15.0,2.0,0.0,88.0,14.8,174.0,588:33,18:24,322.0,211.0,60.4,6.0,32.0,14.0,29.0,,,,,,,,,,,,,,,,,,,,,,35.0,15.0,12.0,0,0.5555555555555556,0.40625,0.53125,0.9375,2.75,0.0625,0.0,588.55,18.4,0.0021475553314059845,0.027950709901451244,0.0,0.041778116288185126,0.03206934210467306,65
889.0,Ilya Sorokin,30.0,NYI,G,23.0,0.0,0.0,0.0,0.0,2.0,0.0,0.0,0.0,0.0,0.0,0.0,0.0,0.0,,0.0,1380:12,60:01,0.0,0.0,,0.0,0.0,0.0,5.0,,,,,,,,,,,,,,,,,,,,,,41.0,19.0,12.0,1,0.6129032258064516,0.0,0.0,0.0,0.0,0.0,0.0,1380.2,60.016666666666666,0.00033950145163969095,0.039702972353989285,0.0,0.032368796098037646,0.03206558699061454,66
148.0,Brent Burns,40.0,COL,D,33.0,4.0,14.0,18.0,19.0,16.0,4.0,0.0,0.0,3.0,13.0,1.0,0.0,68.0,5.9,163.0,647:08,19:37,0.0,0.0,,43.0,6.0,6.0,38.0,,,,,,,,,,,,,,,,,,,,,,55.0,24.0,2.0,0,0.9230769230769231,0.12121212121212122,0.42424242424242425,0.5454545454545454,2.0606060606060606,0.0,0.0,647.1333333333333,19.616666666666667,0.006284172204450558,0.0007855444616477563,0.0,0.06330554591736973,0.03196699074334396,67
367.0,Gavin Brindley,21.0,COL,C,21.0,5.0,4.0,9.0,5.0,8.0,5.0,0.0,0.0,3.0,4.0,0.0,0.0,30.0,16.7,52.0,209:30,9:59,2.0,5.0,28.6,5.0,22.0,3.0,9.0,,,,,,,,,,,,,,,,,,,,,,55.0,24.0,2.0,0,0.9230769230769231,0.23809523809523808,0.19047619047619047,0.42857142857142855,1.4285714285714286,0.0,0.0,209.5,9.983333333333333,0.006293924687856686,0.00043116300017311183,0.0,0.06335629896186926,0.03185061468100387,68
185.0,Tyler Seguin,34.0,DAL,C,27.0,7.0,10.0,17.0,10.0,2.0,6.0,1.0,0.0,2.0,7.0,3.0,0.0,31.0,22.6,69.0,449:52,16:40,126.0,109.0,53.6,6.0,18.0,3.0,21.0,,,,,,,,,,,,,,,,,,,,,,49.0,22.0,7.0,0,0.7586206896551724,0.25925925925925924,0.37037037037037035,0.6296296296296297,1.1481481481481481,0.037037037037037035,0.0,449.8666666666667,16.666666666666668,0.006284172204450558,0.0002693796157323575,0.0,0.06330554591736973,0.031760524804977805,69
288.0,Parker Kelly,26.0,COL,F,33.0,6.0,6.0,12.0,9.0,10.0,5.0,0.0,1.0,1.0,6.0,0.0,0.0,49.0,12.2,84.0,394:16,11:57,23.0,36.0,39.0,21.0,66.0,8.0,18.0,,,,,,,,,,,,,,,,,,,,,,55.0,24.0,2.0,0,0.9230769230769231,0.18181818181818182,0.18181818181818182,0.36363636363636365,1.4848484848484849,0.0,0.030303030303030304,394.26666666666665,11.95,0.006293924687856686,4.0361555690396064e-05,0.0,0.06335629896186926,0.031694294103210785,70
317.0,Thomas Harley,24.0,DAL,D,22.0,1.0,10.0,11.0,-10.0,8.0,1.0,0.0,0.0,0.0,7.0,3.0,0.0,25.0,4.0,79.0,496:54,22:35,0.0,0.0,,53.0,11.0,10.0,29.0,,,,,,,,,,,,,,,,,,,,,,49.0,22.0,7.0,0,0.7586206896551724,0.045454545454545456,0.45454545454545453,0.5,1.1363636363636365,0.0,0.0,496.9,22.583333333333332,0.006293924687856686,1.2484382691746822e-05,0.0,0.06335629896186926,0.03168314323401133,71
312.0,Jack Drury,25.0,COL,C,33.0,5.0,6.0,11.0,8.0,12.0,5.0,0.0,0.0,0.0,6.0,0.0,0.0,40.0,12.5,77.0,492:32,14:56,233.0,178.0,56.7,27.0,12.0,8.0,15.0,,,,,,,,,,,,,,,,,,,,,,55.0,24.0,2.0,0,0.9230769230769231,0.15151515151515152,0.18181818181818182,0.3333333333333333,1.2121212121212122,0.0,0.0,492.53333333333336,14.933333333333334,0.006293924687856686,1.074926436581911e-05,0.0,0.06335629896186926,0.03168244918668096,72
232.0,Ross Colton,29.0,COL,C,33.0,5.0,9.0,14.0,7.0,7.0,5.0,0.0,0.0,2.0,9.0,0.0,0.0,73.0,6.8,141.0,438:59,13:18,24.0,23.0,51.1,16.0,81.0,7.0,28.0,,,,,,,,,,,,,,,,,,,,,,55.0,24.0,2.0,0,0.9230769230769231,0.15151515151515152,0.2727272727272727,0.42424242424242425,2.212121212121212,0.0,0.0,438.98333333333335,13.3,0.006293924687856686,9.519725253306343e-06,0.0,0.06335629896186926,0.03168195737103595,73
332.0,Mavrik Bourque,24.0,DAL,C,34.0,4.0,6.0,10.0,-8.0,4.0,4.0,0.0,0.0,0.0,4.0,2.0,0.0,52.0,7.7,80.0,467:38,13:45,40.0,46.0,46.5,12.0,18.0,4.0,16.0,,,,,,,,,,,,,,,,,,,,,,49.0,22.0,7.0,0,0.7586206896551724,0.11764705882352941,0.17647058823529413,0.29411764705882354,1.5294117647058822,0.0,0.0,467.6333333333333,13.75,0.006293924687856686,2.4608416709946313e-07,0.0,0.06335629896186926,0.03167824791460147,74
360.0,Sam Steel,27.0,DAL,C,34.0,4.0,6.0,10.0,-6.0,14.0,3.0,1.0,0.0,3.0,4.0,2.0,0.0,38.0,10.5,77.0,571:09,16:48,72.0,63.0,53.3,16.0,34.0,11.0,23.0,,,,,,,,,,,,,,,,,,,,,,49.0,22.0,7.0,0,0.7586206896551724,0.11764705882352941,0.17647058823529413,0.29411764705882354,1.1176470588235294,0.029411764705882353,0.0,571.15,16.8,0.006293924687856686,1.7501970805644192e-07,0.0,0.06335629896186926,0.03167821948881785,75
401.0,Justin Hryckowian,24.0,DAL,F,33.0,3.0,5.0,8.0,-6.0,15.0,2.0,1.0,0.0,0.0,5.0,0.0,0.0,33.0,9.1,57.0,395:37,11:59,51.0,39.0,56.7,15.0,51.0,9.0,10.0,,,,,,,,,,,,,,,,,,,,,,49.0,22.0,7.0,0,0.7586206896551724,0.09090909090909091,0.15151515151515152,0.24242424242424243,1.0,0.030303030303030304,0.0,395.6166666666667,11.983333333333333,0.006293924687856686,7.423772846346114e-08,0.0,0.06335629896186926,0.031678179176026014,76
495.0,Zakhar Bardakov,24.0,COL,C,25.0,1.0,4.0,5.0,3.0,0.0,1.0,0.0,0.0,0.0,4.0,0.0,0.0,16.0,6.3,33.0,172:14,6:53,54.0,73.0,42.5,9.0,22.0,2.0,14.0,,,,,,,,,,,,,,,,,,,,,,55.0,24.0,2.0,0,0.9230769230769231,0.04,0.16,0.2,0.64,0.0,0.0,172.23333333333332,6.883333333333333,0.006293924687856686,3.725110664359088e-08,0.0,0.06335629896186926,0.031678164381377286,77
146.0,Victor Olofsson,30.0,COL,RW,33.0,7.0,12.0,19.0,0.0,4.0,5.0,2.0,0.0,2.0,8.0,4.0,0.0,69.0,10.1,118.0,442:38,13:25,3.0,5.0,37.5,9.0,6.0,7.0,27.0,,,,,,,,,,,,,,,,,,,,,,55.0,24.0,2.0,0,0.9230769230769231,0.21212121212121213,0.36363636363636365,0.5757575757575758,2.090909090909091,0.06060606060606061,0.0,442.6333333333333,13.416666666666666,0.006284172204450558,6.0456061072392415e-05,0.0,0.06330554591736973,0.03167695538311382,78
289.0,Esa Lindell,31.0,DAL,D,34.0,4.0,8.0,12.0,16.0,6.0,4.0,0.0,0.0,0.0,7.0,0.0,1.0,36.0,11.1,83.0,813:09,23:55,0.0,0.0,,78.0,18.0,15.0,55.0,,,,,,,,,,,,,,,,,,,,,,49.0,22.0,7.0,0,0.7586206896551724,0.11764705882352941,0.23529411764705882,0.35294117647058826,1.0588235294117647,0.0,0.0,813.15,23.916666666666668,0.006284172204450558,4.9894018957194525e-05,0.0,0.06330554591736973,0.031672730566267744,79
351.0,Josh Manson,34.0,COL,D,33.0,2.0,8.0,10.0,22.0,36.0,2.0,0.0,0.0,1.0,8.0,0.0,0.0,45.0,4.4,93.0,586:01,17:45,0.0,0.0,,44.0,86.0,12.0,30.0,,,,,,,,,,,,,,,,,,,,,,55.0,24.0,2.0,0,0.9230769230769231,0.06060606060606061,0.24242424242424243,0.30303030303030304,1.3636363636363635,0.0,0.0,586.0166666666667,17.75,0.006284172204450558,1.8117399123985516e-05,0.0,0.06330554591736973,0.031660019918334455,80
199.0,Gabriel Landeskog,33.0,COL,LW,33.0,6.0,10.0,16.0,12.0,21.0,5.0,1.0,0.0,1.0,9.0,1.0,0.0,70.0,8.6,135.0,510:31,15:28,51.0,32.0,61.4,15.0,45.0,9.0,15.0,,,,,,,,,,,,,,,,,,,,,,55.0,24.0,2.0,0,0.9230769230769231,0.18181818181818182,0.30303030303030304,0.48484848484848486,2.121212121212121,0.030303030303030304,0.0,510.51666666666665,15.466666666666667,0.006284172204450558,1.2202125903463297e-05,0.0,0.06330554591736973,0.03165765380904625,81
327.0,Devon Toews,31.0,COL,D,33.0,1.0,10.0,11.0,21.0,12.0,1.0,0.0,0.0,0.0,10.0,0.0,0.0,56.0,1.8,126.0,744:04,22:33,0.0,0.0,,47.0,12.0,9.0,39.0,,,,,,,,,,,,,,,,,,,,,,55.0,24.0,2.0,0,0.9230769230769231,0.030303030303030304,0.30303030303030304,0.3333333333333333,1.696969696969697,0.0,0.0,744.0666666666667,22.55,0.006284172204450558,1.127425464953126e-05,0.0,0.06330554591736973,0.031657282660544676,82
383.0,Alexander Petrovic,33.0,DAL,D,32.0,2.0,7.0,9.0,5.0,45.0,2.0,0.0,0.0,0.0,7.0,0.0,0.0,39.0,5.1,74.0,520:07,16:15,0.0,0.0,,52.0,49.0,8.0,29.0,,,,,,,,,,,,,,,,,,,,,,49.0,22.0,7.0,0,0.7586206896551724,0.0625,0.21875,0.28125,1.21875,0.0,0.0,520.1166666666667,16.25,0.006284172204450558,1.8932120070178258e-06,0.0,0.06330554591736973,0.031653530243487674,83
517.0,Ilya Lyubushkin,31.0,DAL,D,23.0,0.0,5.0,5.0,2.0,21.0,0.0,0.0,0.0,0.0,5.0,0.0,0.0,15.0,0.0,30.0,385:57,16:47,0.0,0.0,,42.0,33.0,5.0,23.0,,,,,,,,,,,,,,,,,,,,,,49.0,22.0,7.0,0,0.7586206896551724,0.0,0.21739130434782608,0.21739130434782608,0.6521739130434783,0.0,0.0,385.95,16.783333333333335,0.006284172204450558,6.043038741173573e-08,0.0,0.06330554591736973,0.03165279713083983,84
282.0,Radek Faksa,32.0,DAL,C,33.0,1.0,11.0,12.0,6.0,12.0,1.0,0.0,0.0,0.0,10.0,0.0,1.0,16.0,6.3,42.0,385:12,11:40,143.0,99.0,59.1,23.0,43.0,9.0,12.0,,,,,,,,,,,,,,,,,,,,,,49.0,22.0,7.0,0,0.7586206896551724,0.030303030303030304,0.3333333333333333,0.36363636363636365,0.48484848484848486,0.0,0.0,385.2,11.666666666666666,0.006284172204450558,3.125426773724091e-08,0.0,0.06330554591736973,0.031652785460391956,85
424.0,Colin Blackwell,32.0,DAL,C,33.0,2.0,5.0,7.0,1.0,14.0,2.0,0.0,0.0,1.0,5.0,0.0,0.0,25.0,8.0,57.0,385:49,11:41,53.0,83.0,39.0,15.0,53.0,2.0,19.0,,,,,,,,,,,,,,,,,,,,,,49.0,22.0,7.0,0,0.7586206896551724,0.06060606060606061,0.15151515151515152,0.21212121212121213,0.7575757575757576,0.0,0.0,385.81666666666666,11.683333333333334,0.006284172204450558,9.086484961028332e-09,0.0,0.06330554591736973,0.03165277659327885,86
22.0,Nick Suzuki,26.0,MTL,C,33.0,9.0,28.0,37.0,9.0,4.0,3.0,6.0,0.0,0.0,16.0,12.0,0.0,69.0,13.0,155.0,684:39,20:45,289.0,301.0,49.0,28.0,25.0,9.0,25.0,,,,,,,,,,,,,,,,,,,,,,38.0,17.0,12.0,0,0.5862068965517241,0.2727272727272727,0.8484848484848485,1.121212121212121,2.090909090909091,0.18181818181818182,0.0,684.65,20.75,0.004764163279594935,0.009639104705450527,0.0,0.05539524477761769,0.031553264270989055,87
893.0,Jeremy Swayman,27.0,BOS,G,22.0,0.0,0.0,0.0,0.0,0.0,0.0,0.0,0.0,0.0,0.0,0.0,0.0,0.0,,1.0,1311:47,59:38,0.0,0.0,,0.0,0.0,0.0,8.0,,,,,,,,,,,,,,,,,,,,,,40.0,20.0,14.0,1,0.5882352941176471,0.0,0.0,0.0,0.0,0.0,0.0,1311.7833333333333,59.63333333333333,0.0006098724030705659,0.036638968079484226,0.0,0.03377583760304896,0.031543506033318174,88
67.0,Adam Fox,27.0,NYR,D,27.0,3.0,23.0,26.0,4.0,10.0,2.0,1.0,0.0,1.0,15.0,7.0,1.0,51.0,5.9,148.0,643:42,23:50,0.0,0.0,,41.0,15.0,18.0,31.0,,,,,,,,,,,,,,,,,,,,,,36.0,16.0,15.0,0,0.5161290322580645,0.1111111111111111,0.8518518518518519,0.9629629629629629,1.8888888888888888,0.037037037037037035,0.0,643.7,23.833333333333332,0.005923958469943361,0.0007705366205704694,0.0,0.06143095224358766,0.031023690770022018,89
885.0,Stuart Skinner,27.0,EDM,G,23.0,0.0,0.0,0.0,0.0,0.0,0.0,0.0,0.0,0.0,0.0,0.0,0.0,0.0,,0.0,1316:39,57:15,0.0,0.0,,0.0,0.0,0.0,10.0,,,,,,,,,,,,,,,,,,,,,,38.0,16.0,12.0,1,0.5714285714285714,0.0,0.0,0.0,0.0,0.0,0.0,1316.65,57.25,0.0006098724030705659,0.03337255505380252,0.0,0.03377583760304896,0.03023694082304549,90
493.0,Oskar Back,25.0,DAL,C,24.0,2.0,3.0,5.0,3.0,6.0,2.0,0.0,0.0,1.0,3.0,0.0,0.0,14.0,14.3,31.0,303:38,12:39,8.0,8.0,50.0,12.0,11.0,5.0,14.0,,,,,,,,,,,,,,,,,,,,,,49.0,22.0,7.0,0,0.7586206896551724,0.08333333333333333,0.125,0.20833333333333334,0.5833333333333334,0.0,0.0,303.6333333333333,12.65,0.005619733949725134,1.8779274641775953e-08,0.0,0.05984773287581235,0.029923873949616032,91
757.0,Yaroslav Askarov,23.0,SJS,G,21.0,0.0,0.0,0.0,0.0,0.0,0.0,0.0,0.0,0.0,0.0,0.0,0.0,0.0,,0.0,1190:11,56:41,0.0,0.0,,0.0,0.0,0.0,6.0,,,,,,,,,,,,,,,,,,,,,,37.0,17.0,14.0,1,0.5483870967741935,0.0,0.0,0.0,0.0,0.0,0.0,1190.1833333333334,56.68333333333333,0.0006098724030705659,0.03135127954380046,0.0,0.03377583760304896,0.029428430619044665,92
90.0,Darren Raddysh,29.0,TBL,D,27.0,7.0,17.0,24.0,4.0,15.0,4.0,3.0,0.0,0.0,12.0,5.0,0.0,60.0,11.7,143.0,559:24,20:43,0.0,0.0,,24.0,24.0,4.0,25.0,,,,,,,,,,,,,,,,,,,,,,39.0,18.0,12.0,0,0.6,0.25925925925925924,0.6296296296296297,0.8888888888888888,2.2222222222222223,0.1111111111111111,0.0,559.4,20.716666666666665,4.856464629969736e-05,0.03419850558021092,0.0,0.030854727525647278,0.029106765994908006,93
65.0,Tyler Bertuzzi,30.0,CHI,LW,30.0,16.0,10.0,26.0,-8.0,22.0,8.0,8.0,0.0,1.0,5.0,5.0,0.0,64.0,25.0,111.0,546:13,18:12,32.0,29.0,52.5,5.0,25.0,6.0,29.0,,,,,,,,,,,,,,,,,,,,,,32.0,13.0,14.0,0,0.48148148148148145,0.5333333333333333,0.3333333333333333,0.8666666666666667,2.1333333333333333,0.26666666666666666,0.0,546.2166666666667,18.2,0.00028384154646448603,0.03222249606091896,0.0,0.03207913555450647,0.02892856620162082,94
112.0,Tomáš Hertl,32.0,VEG,C,31.0,13.0,9.0,22.0,-4.0,8.0,7.0,6.0,0.0,2.0,6.0,3.0,0.0,82.0,15.9,165.0,551:31,17:47,288.0,199.0,59.1,12.0,40.0,9.0,23.0,,,,,,,,,,,,,,,,,,,,,,41.0,16.0,6.0,0,0.7272727272727273,0.41935483870967744,0.2903225806451613,0.7096774193548387,2.6451612903225805,0.1935483870967742,0.0,551.5166666666667,17.783333333333335,0.0038820271040743213,0.007253328885627566,0.0,0.050804506736194674,0.028303584922348364,95
82.0,Ryan Nugent-Hopkins,32.0,EDM,C,25.0,7.0,18.0,25.0,-8.0,6.0,4.0,3.0,0.0,1.0,8.0,10.0,0.0,38.0,18.4,79.0,470:41,18:50,62.0,71.0,46.6,8.0,8.0,4.0,17.0,,,,,,,,,,,,,,,,,,,,,,38.0,16.0,12.0,0,0.5714285714285714,0.28,0.72,1.0,1.52,0.12,0.0,470.68333333333334,18.833333333333332,0.004556771996973445,0.0011224956736395903,0.0,0.05431595670735111,0.02760697662313139,96
11.0,Logan Thompson,28.0,WSH,G,23.0,0.0,1.0,1.0,,0.0,,0.0,0.0,,,,,0.0,,,,,,,,,,,,,23.0,13.0,7.0,3.0,47.0,606.0,559.0,0.922,2.09,1.0,1347:16,18.0,0.783,2.0,76.0,14.7,2.23,5.5,2026.0,Logan Thompson,40.0,18.0,11.0,1,0.6206896551724138,0.0,0.043478260869565216,0.043478260869565216,,,,,,0.00012005684822985069,0.029337961633407628,0.0,0.031226781161098918,0.02734857523391251,97
36.0,Mitch Marner,28.0,VEG,RW,31.0,6.0,26.0,32.0,10.0,8.0,5.0,1.0,0.0,0.0,19.0,7.0,0.0,54.0,11.1,132.0,621:57,20:04,18.0,15.0,54.5,21.0,13.0,14.0,41.0,,,,,,,,,,,,,,,,,,,,,,41.0,16.0,6.0,0,0.7272727272727273,0.1935483870967742,0.8387096774193549,1.032258064516129,1.7419354838709677,0.03225806451612903,0.0,621.95,20.066666666666666,0.004148587846164794,0.0016861616129468682,0.0,0.05219171947389074,0.026770324382124115,98
703.0,Spencer Knight,24.0,CHI,G,23.0,0.0,1.0,1.0,0.0,0.0,0.0,0.0,0.0,0.0,1.0,0.0,0.0,0.0,,0.0,1390:44,60:28,0.0,0.0,,0.0,0.0,0.0,18.0,,,,,,,,,,,,,,,,,,,,,,32.0,13.0,14.0,1,0.48148148148148145,0.0,0.043478260869565216,0.043478260869565216,0.0,0.0,0.0,1390.7333333333333,60.46666666666667,0.000521886257989016,0.025022548932282018,0.0,0.033317947591786634,0.026667993368806125,99
165.0,Jack Roslovic,29.0,EDM,C,23.0,10.0,8.0,18.0,1.0,8.0,8.0,2.0,0.0,2.0,6.0,2.0,0.0,53.0,18.9,91.0,398:41,17:20,27.0,20.0,57.4,7.0,8.0,6.0,23.0,,,,,,,,,,,,,,,,,,,,,,38.0,16.0,12.0,0,0.5714285714285714,0.43478260869565216,0.34782608695652173,0.782608695652174,2.3043478260869565,0.08695652173913043,0.0,398.68333333333334,17.333333333333332,0.0008734306985191149,0.022543190160028086,0.0,0.0351474252633489,0.026590988695685686,100
210.0,Zeev Buium,20.0,MIN,D,31.0,3.0,11.0,14.0,-9.0,8.0,1.0,2.0,0.0,0.0,5.0,6.0,0.0,31.0,9.7,84.0,572:19,18:28,0.0,0.0,,15.0,9.0,5.0,32.0,,,,,,,,,,,,,,,,,,,,,,45.0,20.0,9.0,0,0.6896551724137931,0.0967741935483871,0.3548387096774194,0.45161290322580644,1.0,0.06451612903225806,0.0,572.3166666666667,18.466666666666665,0.004277456784949542,4.947214649883469e-05,0.0,0.05286236824224876,0.026450972979723916,101
747.0,Karel Vejmelka,29.0,UTA,G,26.0,0.0,1.0,1.0,0.0,2.0,0.0,0.0,0.0,0.0,1.0,0.0,0.0,0.0,,0.0,1508:19,58:01,0.0,0.0,,0.0,0.0,0.0,10.0,,,,,,,,,,,,,,,,,,,,,,35.0,16.0,16.0,1,0.5,0.0,0.038461538461538464,0.038461538461538464,0.0,0.0,0.0,1508.3166666666666,58.016666666666666,0.000521886257989016,0.024073478769331743,0.0,0.033317947591786634,0.026288365303626014,102
832.0,Darcy Kuemper,35.0,LAK,G,23.0,0.0,0.0,0.0,0.0,4.0,0.0,0.0,0.0,0.0,0.0,0.0,0.0,0.0,,0.0,1343:43,58:25,0.0,0.0,,0.0,0.0,0.0,7.0,,,,,,,,,,,,,,,,,,,,,,37.0,14.0,9.0,1,0.6086956521739131,0.0,0.0,0.0,0.0,0.0,0.0,1343.7166666666667,58.416666666666664,0.00033950145163969095,0.020930024413645318,0.0,0.032368796098037646,0.02455640781447695,103
135.0,Shea Theodore,30.0,VEG,D,31.0,4.0,16.0,20.0,5.0,6.0,3.0,1.0,0.0,2.0,13.0,3.0,0.0,74.0,5.4,165.0,744:37,24:01,0.0,0.0,,48.0,1.0,12.0,39.0,,,,,,,,,,,,,,,,,,,,,,41.0,16.0,6.0,0,0.7272727272727273,0.12903225806451613,0.5161290322580645,0.6451612903225806,2.3870967741935485,0.03225806451612903,0.0,744.6166666666667,24.016666666666666,0.003491426706812842,0.00038510122333245404,0.0,0.048771777377096634,0.0245399291778813,104
795.0,Jet Greaves,24.0,CBJ,G,21.0,0.0,0.0,0.0,0.0,0.0,0.0,0.0,0.0,0.0,0.0,0.0,0.0,0.0,,0.0,1262:10,60:06,0.0,0.0,,0.0,0.0,0.0,6.0,,,,,,,,,,,,,,,,,,,,,,34.0,14.0,13.0,1,0.5185185185185185,0.0,0.0,0.0,0.0,0.0,0.0,1262.1666666666667,60.1,0.0006098724030705659,0.019028965944346343,0.0,0.03377583760304896,0.02449950517926302,105
374.0,Brett Howden,27.0,VEG,C,27.0,5.0,4.0,9.0,-1.0,16.0,5.0,0.0,0.0,0.0,4.0,0.0,0.0,33.0,15.2,58.0,398:07,14:45,148.0,136.0,52.1,6.0,46.0,5.0,25.0,,,,,,,,,,,,,,,,,,,,,,41.0,16.0,6.0,0,0.7272727272727273,0.18518518518518517,0.14814814814814814,0.3333333333333333,1.2222222222222223,0.0,0.0,398.1166666666667,14.75,0.0035011791902189687,1.2614517344383835e-06,0.0,0.04882253042159618,0.024411769791491865,106
470.0,Noah Hanifin,29.0,VEG,D,21.0,2.0,4.0,6.0,-6.0,4.0,2.0,0.0,0.0,0.0,3.0,1.0,0.0,54.0,3.7,119.0,484:03,23:03,0.0,0.0,,34.0,8.0,12.0,25.0,,,,,,,,,,,,,,,,,,,,,,41.0,16.0,6.0,0,0.7272727272727273,0.09523809523809523,0.19047619047619047,0.2857142857142857,2.5714285714285716,0.0,0.0,484.05,23.05,0.0035011791902189687,6.354873103825848e-07,0.0,0.04882253042159618,0.02441151940572224,107
560.0,Keegan Kolesar,28.0,VEG,RW,31.0,0.0,4.0,4.0,-9.0,21.0,0.0,0.0,0.0,0.0,4.0,0.0,0.0,27.0,0.0,50.0,329:44,10:38,7.0,9.0,43.8,19.0,86.0,2.0,14.0,,,,,,,,,,,,,,,,,,,,,,41.0,16.0,6.0,0,0.7272727272727273,0.0,0.12903225806451613,0.12903225806451613,0.8709677419354839,0.0,0.0,329.73333333333335,10.633333333333333,0.0035011791902189687,8.831070483215348e-11,0.0,0.04882253042159618,0.02441126524612237,108
375.0,Ben Hutton,32.0,VEG,D,24.0,4.0,5.0,9.0,2.0,9.0,4.0,0.0,0.0,1.0,5.0,0.0,0.0,36.0,11.1,69.0,340:53,14:12,0.0,0.0,,21.0,9.0,9.0,25.0,,,,,,,,,,,,,,,,,,,,,,41.0,16.0,6.0,0,0.7272727272727273,0.16666666666666666,0.20833333333333334,0.375,1.5,0.0,0.0,340.8833333333333,14.2,0.003491426706812842,5.6631842007577655e-05,0.0,0.048771777377096634,0.024408541425351347,109
63.0,Sebastian Aho,28.0,CAR,F,32.0,9.0,17.0,26.0,4.0,10.0,8.0,1.0,0.0,1.0,11.0,5.0,1.0,77.0,11.7,165.0,639:27,19:59,252.0,260.0,49.2,10.0,28.0,16.0,39.0,,,,,,,,,,,,,,,,,,,,,,44.0,21.0,9.0,0,0.7,0.28125,0.53125,0.8125,2.40625,0.03125,0.0,639.45,19.983333333333334,0.0027708861200434185,0.004140468153408534,0.0,0.04502200135173472,0.024167187937230772,110
122.0,Pavel Dorofeyev,25.0,VEG,LW,31.0,13.0,8.0,21.0,-6.0,10.0,5.0,8.0,0.0,1.0,4.0,4.0,0.0,83.0,15.7,180.0,539:12,17:24,0.0,0.0,,15.0,14.0,3.0,24.0,,,,,,,,,,,,,,,,,,,,,,41.0,16.0,6.0,0,0.7272727272727273,0.41935483870967744,0.25806451612903225,0.6774193548387096,2.6774193548387095,0.25806451612903225,0.0,539.2,17.4,0.003034886417055131,0.0024163780019274264,0.0,0.04639588923896865,0.024164495820255295,111
71.0,Marcus Johansson,35.0,MIN,C,33.0,11.0,15.0,26.0,15.0,6.0,8.0,3.0,0.0,4.0,10.0,4.0,1.0,48.0,22.9,89.0,535:04,16:13,5.0,7.0,41.7,10.0,15.0,12.0,26.0,,,,,,,,,,,,,,,,,,,,,,45.0,20.0,9.0,0,0.6896551724137931,0.3333333333333333,0.45454545454545453,0.7878787878787878,1.4545454545454546,0.09090909090909091,0.0,535.0666666666667,16.216666666666665,0.0024581443098746314,0.005192134880735261,0.0,0.04339445702816355,0.02377408246637588,112
87.0,Dylan Cozens,24.0,OTT,C,32.0,10.0,14.0,24.0,-12.0,22.0,4.0,6.0,0.0,0.0,5.0,9.0,0.0,74.0,13.5,135.0,566:15,17:42,181.0,159.0,53.2,12.0,91.0,7.0,24.0,,,,,,,,,,,,,,,,,,,,,,34.0,15.0,13.0,0,0.5357142857142857,0.3125,0.4375,0.75,2.3125,0.1875,0.0,566.25,17.7,0.0032153913444958387,0.00012650158291227336,0.0,0.0473352576268225,0.023718229446576162,113
62.0,Beckett Sennecke,20.0,ANA,F,34.0,10.0,17.0,27.0,2.0,24.0,8.0,1.0,1.0,0.0,14.0,3.0,0.0,67.0,14.9,123.0,565:01,16:37,1.0,1.0,50.0,10.0,32.0,9.0,33.0,,,,,,,,,,,,,,,,,,,,,,42.0,20.0,12.0,0,0.625,0.29411764705882354,0.5,0.7941176470588235,1.9705882352941178,0.029411764705882353,0.029411764705882353,565.0166666666667,16.616666666666667,0.0018906180479582068,0.008141714481016325,0.0,0.04044098513529088,0.023477178360051972,114
20.0,Daniel Vladař,28.0,PHI,G,20.0,0.0,0.0,0.0,,2.0,,0.0,0.0,,,,,0.0,,,,,,,,,,,,,20.0,12.0,5.0,3.0,48.0,531.0,483.0,0.91,2.41,0.0,1195:22,15.0,0.75,4.0,89.0,6.1,2.56,4.1,2026.0,Daniel Vladař,40.0,17.0,9.0,1,0.6538461538461539,0.0,0.0,0.0,,,,,,0.00020804299331140074,0.01883345450445268,0.0,0.03168467117236124,0.023375717387961695,115
52.0,Will Smith,20.0,SJS,C,33.0,12.0,17.0,29.0,5.0,12.0,9.0,3.0,0.0,3.0,12.0,5.0,0.0,80.0,15.0,162.0,591:05,17:55,8.0,21.0,27.6,7.0,7.0,8.0,29.0,,,,,,,,,,,,,,,,,,,,,,37.0,17.0,14.0,0,0.5483870967741935,0.36363636363636365,0.5151515151515151,0.8787878787878788,2.4242424242424243,0.09090909090909091,0.0,591.0833333333334,17.916666666666668,4.856464629969736e-05,0.01895540779448404,0.0,0.030854727525647278,0.023009526880617255,116
261.0,Tyson Foerster,24.0,PHI,RW,21.0,10.0,3.0,13.0,7.0,18.0,7.0,3.0,0.0,2.0,3.0,0.0,0.0,41.0,24.4,75.0,366:18,17:27,1.0,1.0,50.0,18.0,20.0,8.0,11.0,,,,,,,,,,,,,,,,,,,,,,40.0,17.0,9.0,0,0.6538461538461539,0.47619047619047616,0.14285714285714285,0.6190476190476191,1.9523809523809523,0.14285714285714285,0.0,366.3,17.45,0.0010013891810982706,0.012356123917917211,0.0,0.03581333591297419,0.02284911752365398,117
883.0,Igor Shesterkin,30.0,NYR,G,27.0,0.0,0.0,0.0,0.0,4.0,0.0,0.0,0.0,0.0,0.0,0.0,0.0,2.0,0.0,2.0,1622:43,60:06,0.0,0.0,,0.0,0.0,0.0,13.0,,,,,,,,,,,,,,,,,,,,,,36.0,16.0,15.0,1,0.5161290322580645,0.0,0.0,0.0,0.07407407407407407,0.0,0.0,1622.7166666666667,60.1,0.00015775038124675445,0.017629281087428995,0.0,0.031422942639041045,0.02276318375449212,118
49.0,Matthew Knies,23.0,TOR,LW,29.0,7.0,22.0,29.0,3.0,8.0,5.0,2.0,0.0,0.0,22.0,0.0,0.0,66.0,10.6,101.0,584:22,20:09,0.0,0.0,,12.0,77.0,8.0,27.0,,,,,,,,,,,,,,,,,,,,,,35.0,15.0,12.0,0,0.5555555555555556,0.2413793103448276,0.7586206896551724,1.0,2.2758620689655173,0.06896551724137931,0.0,584.3666666666667,20.15,0.0027716674808101827,0.0005969243732236153,0.0,0.04502606764296684,0.022751803570772867,119
509.0,Kaedan Korczak,25.0,VEG,D,31.0,2.0,3.0,5.0,8.0,16.0,2.0,0.0,0.0,0.0,3.0,0.0,0.0,24.0,8.3,69.0,494:06,15:56,0.0,0.0,,51.0,51.0,3.0,38.0,,,,,,,,,,,,,,,,,,,,,,41.0,16.0,6.0,0,0.7272727272727273,0.06451612903225806,0.0967741935483871,0.16129032258064516,0.7741935483870968,0.0,0.0,494.1,15.933333333333334,0.0028269884520874164,9.70174542681078e-07,0.0,0.045313964335539254,0.0226573702375867,120
575.0,Zach Whitecloud,29.0,VEG,D,31.0,1.0,3.0,4.0,-6.0,14.0,1.0,0.0,0.0,0.0,3.0,0.0,0.0,22.0,4.5,73.0,573:40,18:30,0.0,0.0,,38.0,52.0,3.0,27.0,,,,,,,,,,,,,,,,,,,,,,41.0,16.0,6.0,0,0.7272727272727273,0.03225806451612903,0.0967741935483871,0.12903225806451613,0.7096774193548387,0.0,0.0,573.6666666666666,18.5,0.0028269884520874164,1.4578814442372884e-07,0.0,0.045313964335539254,0.022657040483027396,121
570.0,Cole Reinhardt,25.0,VEG,LW,23.0,1.0,3.0,4.0,-2.0,8.0,1.0,0.0,0.0,0.0,3.0,0.0,0.0,13.0,7.7,38.0,218:55,9:31,2.0,3.0,40.0,1.0,41.0,2.0,12.0,,,,,,,,,,,,,,,,,,,,,,41.0,16.0,6.0,0,0.7272727272727273,0.043478260869565216,0.13043478260869565,0.17391304347826086,0.5652173913043478,0.0,0.0,218.91666666666666,9.516666666666667,0.0028269884520874164,8.263671180098311e-10,0.0,0.045313964335539254,0.022656982498316474,122
487.0,Reilly Smith,34.0,VEG,RW,28.0,3.0,3.0,6.0,-4.0,2.0,2.0,1.0,0.0,1.0,3.0,0.0,0.0,31.0,9.7,58.0,373:52,13:21,4.0,2.0,66.7,6.0,13.0,7.0,21.0,,,,,,,,,,,,,,,,,,,,,,41.0,16.0,6.0,0,0.7272727272727273,0.10714285714285714,0.10714285714285714,0.21428571428571427,1.1071428571428572,0.03571428571428571,0.0,373.8666666666667,13.35,0.0028172359686812897,1.657471784271153e-09,0.0,0.04526321129103972,0.02263160630850857,123
571.0,Brandon Saad,33.0,VEG,LW,28.0,1.0,3.0,4.0,-1.0,14.0,1.0,0.0,0.0,0.0,3.0,0.0,0.0,41.0,2.4,80.0,388:07,13:52,8.0,18.0,30.8,15.0,2.0,5.0,22.0,,,,,,,,,,,,,,,,,,,,,,41.0,16.0,6.0,0,0.7272727272727273,0.03571428571428571,0.10714285714285714,0.14285714285714285,1.4642857142857142,0.0,0.0,388.1166666666667,13.866666666666667,0.0028172359686812897,1.4274838730908418e-10,0.0,0.04526321129103972,0.022631605702619215,124
59.0,Bryan Rust,33.0,PIT,RW,30.0,12.0,16.0,28.0,-3.0,12.0,9.0,3.0,0.0,3.0,5.0,11.0,0.0,78.0,15.4,152.0,612:14,20:24,0.0,3.0,0.0,31.0,6.0,5.0,29.0,,,,,,,,,,,,,,,,,,,,,,37.0,14.0,9.0,0,0.6086956521739131,0.4,0.5333333333333333,0.9333333333333333,2.6,0.1,0.0,612.2333333333333,20.4,0.0013226892791865649,0.009688315006302671,0.0,0.03748541855048349,0.022618035277762814,125
137.0,Jackson Blake,22.0,CAR,RW,32.0,8.0,11.0,19.0,2.0,24.0,8.0,0.0,0.0,1.0,7.0,4.0,0.0,70.0,11.4,136.0,544:01,17:00,0.0,4.0,0.0,10.0,6.0,14.0,39.0,,,,,,,,,,,,,,,,,,,,,,44.0,21.0,9.0,0,0.7,0.25,0.34375,0.59375,2.1875,0.0,0.0,544.0166666666667,17.0,0.0027708861200434185,6.100131566432756e-05,0.0,0.04502200135173472,0.022535401202133088,126
107.0,Nikolaj Ehlers,29.0,CAR,LW,32.0,8.0,14.0,22.0,4.0,6.0,6.0,2.0,0.0,3.0,9.0,5.0,0.0,85.0,9.4,187.0,527:21,16:29,10.0,13.0,43.5,4.0,6.0,11.0,35.0,,,,,,,,,,,,,,,,,,,,,,44.0,21.0,9.0,0,0.7,0.25,0.4375,0.6875,2.65625,0.0625,0.0,527.35,16.483333333333334,0.0027708861200434185,5.280223023859358e-05,0.0,0.04502200135173472,0.022532121567962797,127
294.0,Alexander Nikishin,24.0,CAR,D,31.0,4.0,8.0,12.0,11.0,12.0,4.0,0.0,0.0,0.0,7.0,1.0,0.0,53.0,7.5,128.0,590:36,19:03,0.0,0.0,,40.0,63.0,9.0,36.0,,,,,,,,,,,,,,,,,,,,,,44.0,21.0,9.0,0,0.7,0.12903225806451613,0.25806451612903225,0.3870967741935484,1.7096774193548387,0.0,0.0,590.6,19.05,0.0027708861200434185,5.234422182867266e-05,0.0,0.04502200135173472,0.022531938364598828,128
269.0,K'Andre Miller,26.0,CAR,D,25.0,2.0,11.0,13.0,2.0,24.0,1.0,1.0,0.0,0.0,7.0,2.0,2.0,48.0,4.2,131.0,570:21,22:49,0.0,1.0,0.0,24.0,38.0,21.0,39.0,,,,,,,,,,,,,,,,,,,,,,44.0,21.0,9.0,0,0.7,0.08,0.44,0.52,1.92,0.04,0.0,570.35,22.816666666666666,0.0027708861200434185,9.553010488931165e-06,0.0,0.04502200135173472,0.02251482188006293,129
250.0,Logan Stankoven,22.0,CAR,C,32.0,6.0,8.0,14.0,5.0,17.0,6.0,0.0,0.0,1.0,7.0,1.0,0.0,71.0,8.5,127.0,499:09,15:36,172.0,228.0,43.0,8.0,13.0,11.0,17.0,,,,,,,,,,,,,,,,,,,,,,44.0,21.0,9.0,0,0.7,0.1875,0.25,0.4375,2.21875,0.0,0.0,499.15,15.6,0.0027708861200434185,4.087371320722836e-06,0.0,0.04502200135173472,0.022512635624395646,130
167.0,Andrei Svechnikov,25.0,CAR,RW,32.0,7.0,11.0,18.0,-2.0,18.0,3.0,4.0,0.0,1.0,9.0,2.0,0.0,89.0,7.9,192.0,533:02,16:39,4.0,4.0,50.0,7.0,46.0,5.0,34.0,,,,,,,,,,,,,,,,,,,,,,44.0,21.0,9.0,0,0.7,0.21875,0.34375,0.5625,2.78125,0.125,0.0,533.0333333333333,16.65,0.0027708861200434185,1.5341956076185006e-06,0.0,0.04502200135173472,0.022511614354110407,131
526.0,Joel Nystrom,23.0,CAR,D,24.0,0.0,5.0,5.0,3.0,4.0,0.0,0.0,0.0,0.0,5.0,0.0,0.0,31.0,0.0,84.0,382:29,15:56,0.0,0.0,,14.0,6.0,3.0,18.0,,,,,,,,,,,,,,,,,,,,,,44.0,21.0,9.0,0,0.7,0.0,0.20833333333333334,0.20833333333333334,1.2916666666666667,0.0,0.0,382.48333333333335,15.933333333333334,0.0027708861200434185,4.537187527078897e-08,0.0,0.04502200135173472,0.022511018824617465,132
499.0,Jalen Chatfield,29.0,CAR,D,25.0,0.0,5.0,5.0,7.0,10.0,0.0,0.0,0.0,0.0,5.0,0.0,0.0,30.0,0.0,96.0,489:13,19:34,0.0,0.0,,23.0,15.0,9.0,25.0,,,,,,,,,,,,,,,,,,,,,,44.0,21.0,9.0,0,0.7,0.0,0.2,0.2,1.2,0.0,0.0,489.21666666666664,19.566666666666666,0.0027708861200434185,2.4759420780359985e-08,0.0,0.04502200135173472,0.02251101057963567,133
274.0,Jordan Staal,37.0,CAR,C,29.0,9.0,4.0,13.0,3.0,23.0,7.0,2.0,0.0,0.0,4.0,0.0,0.0,40.0,22.5,87.0,448:14,15:27,333.0,252.0,56.9,14.0,47.0,5.0,21.0,,,,,,,,,,,,,,,,,,,,,,44.0,21.0,9.0,0,0.7,0.3103448275862069,0.13793103448275862,0.4482758620689655,1.3793103448275863,0.06896551724137931,0.0,448.23333333333335,15.45,0.0027611336366372917,3.193080484124648e-05,0.0,0.04497124830723517,0.022498396475554086,134
328.0,Sean Walker,31.0,CAR,D,32.0,4.0,7.0,11.0,-5.0,16.0,4.0,0.0,0.0,0.0,5.0,1.0,1.0,73.0,5.5,202.0,740:13,23:08,0.0,0.0,,48.0,48.0,9.0,29.0,,,,,,,,,,,,,,,,,,,,,,44.0,21.0,9.0,0,0.7,0.125,0.21875,0.34375,2.28125,0.0,0.0,740.2166666666667,23.133333333333333,0.0027611336366372917,7.803270586247219e-06,0.0,0.04497124830723517,0.022488745461852085,135
173.0,Taylor Hall,34.0,CAR,LW,32.0,7.0,10.0,17.0,6.0,12.0,5.0,2.0,0.0,0.0,10.0,0.0,0.0,53.0,13.2,118.0,447:38,13:59,12.0,15.0,44.4,11.0,16.0,10.0,23.0,,,,,,,,,,,,,,,,,,,,,,44.0,21.0,9.0,0,0.7,0.21875,0.3125,0.53125,1.65625,0.0625,0.0,447.6333333333333,13.983333333333333,0.0027611336366372917,3.2023423382480852e-06,0.0,0.04497124830723517,0.022486905090552886,136
531.0,Mike Reilly,32.0,CAR,D,21.0,1.0,4.0,5.0,9.0,8.0,0.0,0.0,1.0,0.0,4.0,0.0,0.0,36.0,2.8,91.0,345:00,16:26,0.0,0.0,,23.0,8.0,1.0,12.0,,,,,,,,,,,,,,,,,,,,,,44.0,21.0,9.0,0,0.7,0.047619047619047616,0.19047619047619047,0.23809523809523808,1.7142857142857142,0.0,0.047619047619047616,345.0,16.433333333333334,0.0027611336366372917,5.948088596146836e-08,0.0,0.04497124830723517,0.022485647945971972,137
320.0,Jordan Martinook,33.0,CAR,LW,32.0,4.0,7.0,11.0,4.0,15.0,3.0,0.0,1.0,2.0,7.0,0.0,0.0,45.0,8.9,107.0,465:41,14:33,16.0,20.0,44.4,21.0,55.0,7.0,20.0,,,,,,,,,,,,,,,,,,,,,,44.0,21.0,9.0,0,0.7,0.125,0.21875,0.34375,1.40625,0.0,0.03125,465.68333333333334,14.55,0.0027611336366372917,3.9778180697313017e-08,0.0,0.04497124830723517,0.022485640064889865,138
425.0,William Carrier,31.0,CAR,LW,26.0,3.0,4.0,7.0,1.0,6.0,3.0,0.0,0.0,1.0,4.0,0.0,0.0,30.0,10.0,75.0,300:24,11:33,0.0,0.0,,5.0,54.0,7.0,9.0,,,,,,,,,,,,,,,,,,,,,,44.0,21.0,9.0,0,0.7,0.11538461538461539,0.15384615384615385,0.2692307692307692,1.1538461538461537,0.0,0.0,300.4,11.55,0.0027611336366372917,9.963267764552443e-09,0.0,0.04497124830723517,0.022485628138924692,139
670.0,Sergei Bobrovsky,37.0,FLA,G,23.0,0.0,1.0,1.0,0.0,2.0,0.0,0.0,0.0,0.0,0.0,1.0,0.0,0.0,,0.0,1348:44,58:38,0.0,0.0,,0.0,0.0,0.0,12.0,,,,,,,,,,,,,,,,,,,,,,36.0,17.0,13.0,1,0.5666666666666667,0.0,0.043478260869565216,0.043478260869565216,0.0,0.0,0.0,1348.7333333333333,58.63333333333333,0.00025956202522693487,0.01599799128624169,0.0,0.03195278213553804,0.022375587582265696,140
581.0,Lian Bichsel,21.0,DAL,D,26.0,1.0,2.0,3.0,6.0,22.0,1.0,0.0,0.0,0.0,2.0,0.0,0.0,9.0,11.1,30.0,411:03,15:49,0.0,0.0,,24.0,85.0,4.0,23.0,,,,,,,,,,,,,,,,,,,,,,49.0,22.0,7.0,0,0.7586206896551724,0.038461538461538464,0.07692307692307693,0.11538461538461539,0.34615384615384615,0.0,0.0,411.05,15.816666666666666,0.002674071728319247,4.4779312156947307e-07,0.0,0.044518168130312764,0.02225926318240501,141
152.0,Brock Faber,23.0,MIN,D,34.0,6.0,12.0,18.0,6.0,6.0,5.0,0.0,1.0,1.0,6.0,6.0,0.0,76.0,7.9,148.0,831:46,24:28,0.0,0.0,,72.0,14.0,20.0,40.0,,,,,,,,,,,,,,,,,,,,,,45.0,20.0,9.0,0,0.6896551724137931,0.17647058823529413,0.35294117647058826,0.5294117647058824,2.235294117647059,0.0,0.029411764705882353,831.7666666666667,24.466666666666665,0.002467896793280758,0.0012757478985125545,0.0,0.0434452100726631,0.022232904195736574,142
414.0,Eric Robinson,30.0,CAR,LW,26.0,6.0,2.0,8.0,6.0,2.0,6.0,0.0,0.0,2.0,2.0,0.0,0.0,28.0,21.4,63.0,292:33,11:15,0.0,6.0,0.0,4.0,34.0,4.0,11.0,,,,,,,,,,,,,,,,,,,,,,44.0,21.0,9.0,0,0.7,0.23076923076923078,0.07692307692307693,0.3076923076923077,1.0769230769230769,0.0,0.0,292.55,11.25,0.002565683663820596,1.1068780793171149e-06,0.0,0.04395410418560887,0.02197749484403616,143
555.0,Mark Jankowski,31.0,CAR,C,21.0,1.0,3.0,4.0,1.0,6.0,1.0,0.0,0.0,1.0,3.0,0.0,0.0,17.0,5.9,36.0,226:14,10:46,108.0,88.0,55.1,12.0,14.0,3.0,10.0,,,,,,,,,,,,,,,,,,,,,,44.0,21.0,9.0,0,0.7,0.047619047619047616,0.14285714285714285,0.19047619047619047,0.8095238095238095,0.0,0.0,226.23333333333332,10.766666666666667,0.002565683663820596,5.42871930804132e-10,0.0,0.04395410418560887,0.021977052309953206,144
88.0,Joel Eriksson Ek,29.0,MIN,C,34.0,7.0,17.0,24.0,6.0,16.0,5.0,2.0,0.0,1.0,11.0,6.0,0.0,99.0,7.1,161.0,677:37,19:56,370.0,358.0,50.8,14.0,56.0,10.0,22.0,,,,,,,,,,,,,,,,,,,,,,45.0,20.0,9.0,0,0.6896551724137931,0.20588235294117646,0.5,0.7058823529411765,2.911764705882353,0.058823529411764705,0.0,677.6166666666667,19.933333333333334,0.002467896793280758,3.206305422173768e-05,0.0,0.0434452100726631,0.021735430258020248,145
329.0,Danila Yurov,22.0,MIN,RW,27.0,4.0,7.0,11.0,-1.0,6.0,4.0,0.0,0.0,2.0,6.0,1.0,0.0,32.0,12.5,64.0,328:44,12:11,89.0,138.0,39.2,19.0,17.0,6.0,18.0,,,,,,,,,,,,,,,,,,,,,,45.0,20.0,9.0,0,0.6896551724137931,0.14814814814814814,0.25925925925925924,0.4074074074074074,1.1851851851851851,0.0,0.0,328.73333333333335,12.183333333333334,0.002467896793280758,2.625514892942885e-07,0.0,0.0434452100726631,0.021722710056927268,146
418.0,Yakov Trenin,29.0,MIN,C,34.0,2.0,6.0,8.0,4.0,19.0,2.0,0.0,0.0,0.0,6.0,0.0,0.0,44.0,4.5,83.0,459:03,13:30,25.0,42.0,37.3,19.0,164.0,9.0,28.0,,,,,,,,,,,,,,,,,,,,,,45.0,20.0,9.0,0,0.6896551724137931,0.058823529411764705,0.17647058823529413,0.23529411764705882,1.2941176470588236,0.0,0.0,459.05,13.5,0.002467896793280758,4.906919080025836e-09,0.0,0.0434452100726631,0.021722606999099184,147
368.0,Jonas Brodin,32.0,MIN,D,30.0,3.0,6.0,9.0,11.0,6.0,3.0,0.0,0.0,1.0,6.0,0.0,0.0,28.0,10.7,77.0,662:24,22:05,0.0,0.0,,66.0,7.0,6.0,27.0,,,,,,,,,,,,,,,,,,,,,,45.0,20.0,9.0,0,0.6896551724137931,0.1,0.2,0.3,0.9333333333333333,0.0,0.0,662.4,22.083333333333332,0.0024581443098746314,3.7662956449386016e-06,0.0,0.04339445702816355,0.021698735032339753,148
208.0,Vladimir Tarasenko,34.0,MIN,RW,27.0,5.0,11.0,16.0,-2.0,0.0,4.0,1.0,0.0,1.0,5.0,6.0,0.0,51.0,9.8,100.0,417:16,15:27,5.0,4.0,55.6,13.0,21.0,8.0,19.0,,,,,,,,,,,,,,,,,,,,,,45.0,20.0,9.0,0,0.6896551724137931,0.18518518518518517,0.4074074074074074,0.5925925925925926,1.8888888888888888,0.037037037037037035,0.0,417.26666666666665,15.45,0.0024581443098746314,7.549640795732214e-07,0.0,0.04339445702816355,0.021697530499713607,149
416.0,Jared Spurgeon,36.0,MIN,D,34.0,2.0,6.0,8.0,-1.0,6.0,0.0,2.0,0.0,0.0,4.0,2.0,0.0,39.0,5.1,98.0,707:12,20:48,0.0,0.0,,61.0,46.0,7.0,31.0,,,,,,,,,,,,,,,,,,,,,,45.0,20.0,9.0,0,0.6896551724137931,0.058823529411764705,0.17647058823529413,0.23529411764705882,1.1470588235294117,0.058823529411764705,0.0,707.2,20.8,0.0024581443098746314,1.8779829604116873e-07,0.0,0.04339445702816355,0.02169730363340019,150
284.0,Ryan Hartman,31.0,MIN,RW,30.0,6.0,6.0,12.0,-3.0,17.0,3.0,3.0,0.0,2.0,6.0,0.0,0.0,59.0,10.2,131.0,478:33,15:57,157.0,209.0,42.9,32.0,31.0,11.0,24.0,,,,,,,,,,,,,,,,,,,,,,45.0,20.0,9.0,0,0.6896551724137931,0.2,0.2,0.4,1.9666666666666666,0.1,0.0,478.55,15.95,0.0024581443098746314,9.291220569930079e-08,0.0,0.04339445702816355,0.021697265678964055,151
479.0,Jacob Middleton,30.0,MIN,D,28.0,0.0,6.0,6.0,2.0,35.0,0.0,0.0,0.0,0.0,6.0,0.0,0.0,21.0,0.0,55.0,507:49,18:08,0.0,0.0,,43.0,42.0,4.0,13.0,,,,,,,,,,,,,,,,,,,,,,45.0,20.0,9.0,0,0.6896551724137931,0.0,0.21428571428571427,0.21428571428571427,0.75,0.0,0.0,507.81666666666666,18.133333333333333,0.0024581443098746314,5.112254529640515e-08,0.0,0.04339445702816355,0.021697248963099894,152
903.0,Dustin Wolf,24.0,CGY,G,26.0,0.0,0.0,0.0,0.0,2.0,0.0,0.0,0.0,0.0,0.0,0.0,0.0,0.0,,0.0,1399:22,53:49,0.0,0.0,,0.0,0.0,0.0,12.0,,,,,,,,,,,,,,,,,,,,,,30.0,13.0,17.0,1,0.43333333333333335,0.0,0.0,0.0,0.0,0.0,0.0,1399.3666666666666,53.81666666666667,0.0006098724030705659,0.011641447623962993,0.0,0.03377583760304896,0.02154449785110968,153
898.0,Linus Ullmark,32.0,OTT,G,24.0,0.0,0.0,0.0,0.0,2.0,0.0,0.0,0.0,0.0,0.0,0.0,0.0,0.0,,1.0,1457:52,60:45,0.0,0.0,,0.0,0.0,0.0,6.0,,,,,,,,,,,,,,,,,,,,,,34.0,15.0,13.0,1,0.5357142857142857,0.0,0.0,0.0,0.0,0.0,0.0,1457.8666666666666,60.75,0.00033950145163969095,0.013191644263965446,0.0,0.032368796098037646,0.021461055754605003,154
505.0,Vinnie Hinostroza,31.0,MIN,C,22.0,2.0,3.0,5.0,-5.0,4.0,2.0,0.0,0.0,1.0,2.0,1.0,0.0,22.0,9.1,48.0,249:49,11:21,11.0,12.0,47.8,6.0,20.0,8.0,16.0,,,,,,,,,,,,,,,,,,,,,,45.0,20.0,9.0,0,0.6896551724137931,0.09090909090909091,0.13636363636363635,0.22727272727272727,1.0,0.0,0.0,249.81666666666666,11.35,0.002262694337057936,3.529309432722247e-09,0.0,0.042377312906537255,0.0211886578649924,155
6.0,Stuart Skinner,27.0,2TM,G,24.0,0.0,0.0,0.0,,0.0,,0.0,0.0,,,,,0.0,,,,,,,,,,,,,24.0,11.0,9.0,4.0,67.0,592.0,525.0,0.887,2.93,2.0,1374:05,10.0,0.417,5.0,111.0,-6.7,3.1,3.1,2026.0,Stuart Skinner,0.0,0.0,0.0,1,,0.0,0.0,0.0,,,,,,0.0001755495833216751,0.013030432354502042,0.0,0.03151557173230331,0.020969958807952473,156
10.0,Ilya Sorokin,30.0,NYI,G,23.0,0.0,0.0,0.0,,2.0,,0.0,0.0,,,,,0.0,,,,,,,,,,,,,23.0,12.0,9.0,2.0,58.0,646.0,588.0,0.91,2.52,3.0,1380:12,10.0,0.435,3.0,88.0,7.8,2.65,5.0,2026.0,Ilya Sorokin,41.0,19.0,12.0,1,0.6129032258064516,0.0,0.0,0.0,,,,,,0.00015775038124675445,0.012603070157645129,0.0,0.031422942639041045,0.020752699382578572,157
609.0,Colton Sissons,32.0,VEG,C,27.0,1.0,2.0,3.0,-6.0,15.0,1.0,0.0,0.0,0.0,1.0,1.0,0.0,24.0,4.2,49.0,311:33,11:32,152.0,124.0,55.1,16.0,37.0,3.0,13.0,,,,,,,,,,,,,,,,,,,,,,41.0,16.0,6.0,0,0.7272727272727273,0.037037037037037035,0.07407407407407407,0.1111111111111111,0.8888888888888888,0.0,0.0,311.55,11.533333333333333,0.0020451087279872372,3.4357379653897923e-10,0.0,0.04124497238979387,0.020622486332326453,158
625.0,Marcus Foligno,34.0,MIN,LW,24.0,0.0,2.0,2.0,-9.0,30.0,0.0,0.0,0.0,0.0,2.0,0.0,0.0,23.0,0.0,46.0,316:59,13:12,2.0,3.0,40.0,22.0,78.0,4.0,11.0,,,,,,,,,,,,,,,,,,,,,,45.0,20.0,9.0,0,0.6896551724137931,0.0,0.08333333333333333,0.08333333333333333,0.9583333333333334,0.0,0.0,316.98333333333335,13.2,0.0020191943185422427,9.704221699035458e-12,0.0,0.041110110824696004,0.020555055416229692,159
729.0,Tyler Pitlick,34.0,MIN,C,22.0,1.0,0.0,1.0,0.0,22.0,1.0,0.0,0.0,0.0,0.0,0.0,0.0,17.0,5.9,30.0,171:34,7:48,0.0,3.0,0.0,12.0,56.0,4.0,5.0,,,,,,,,,,,,,,,,,,,,,,45.0,20.0,9.0,0,0.6896551724137931,0.045454545454545456,0.0,0.045454545454545456,0.7727272727272727,0.0,0.0,171.56666666666666,7.8,0.0019846645888342645,6.375482202362209e-11,0.0,0.04093041414278981,0.020465207096896837,160
54.0,Lane Hutson,21.0,MTL,D,33.0,5.0,23.0,28.0,-1.0,2.0,4.0,1.0,0.0,1.0,15.0,8.0,0.0,57.0,8.8,127.0,766:25,23:13,0.0,0.0,,50.0,16.0,14.0,41.0,,,,,,,,,,,,,,,,,,,,,,38.0,17.0,12.0,0,0.5862068965517241,0.15151515151515152,0.696969696969697,0.8484848484848485,1.7272727272727273,0.030303030303030304,0.0,766.4166666666666,23.216666666666665,0.00015180865907980787,0.011812537644797033,0.0,0.03139202123400143,0.02042102567491953,161
14.0,Jeremy Swayman,27.0,BOS,G,22.0,0.0,0.0,0.0,,0.0,,0.0,0.0,,,,,0.0,,,,,,,,,,,,,22.0,14.0,8.0,0.0,60.0,662.0,602.0,0.909,2.74,0.0,1311:47,17.0,0.773,5.0,89.0,7.5,2.93,5.0,2026.0,Jeremy Swayman,40.0,20.0,14.0,1,0.5882352941176471,0.0,0.0,0.0,,,,,,0.0001755495833216751,0.011605176904512212,0.0,0.03151557173230331,0.02039985662795654,162
101.0,Matthew Schaefer,18.0,NYI,D,34.0,9.0,14.0,23.0,8.0,16.0,4.0,5.0,0.0,2.0,9.0,5.0,0.0,93.0,9.7,208.0,809:16,23:48,0.0,0.0,,47.0,14.0,16.0,42.0,,,,,,,,,,,,,,,,,,,,,,41.0,19.0,12.0,0,0.6129032258064516,0.2647058823529412,0.4117647058823529,0.6764705882352942,2.735294117647059,0.14705882352941177,0.0,809.2666666666667,23.8,4.856464629969736e-05,0.012381491161411346,0.0,0.030854727525647278,0.020379960227388177,163
6.0,Stuart Skinner,27.0,EDM,G,23.0,0.0,0.0,0.0,,0.0,,0.0,0.0,,,,,0.0,,,,,,,,,,,,,23.0,11.0,8.0,4.0,62.0,570.0,508.0,0.891,2.83,2.0,1316:39,10.0,0.435,4.0,107.0,-3.9,3.01,3.2,2026.0,Stuart Skinner,38.0,16.0,12.0,1,0.5714285714285714,0.0,0.0,0.0,,,,,,0.0001755495833216751,0.010546127888347103,0.0,0.03151557173230331,0.019976237021490494,164
650.0,Brayden McNabb,35.0,VEG,D,31.0,1.0,1.0,2.0,-4.0,18.0,1.0,0.0,0.0,1.0,1.0,0.0,0.0,24.0,4.2,87.0,662:03,21:21,0.0,0.0,,82.0,51.0,10.0,24.0,,,,,,,,,,,,,,,,,,,,,,41.0,16.0,6.0,0,0.7272727272727273,0.03225806451612903,0.03225806451612903,0.06451612903225806,0.7741935483870968,0.0,0.0,662.05,21.35,0.0017931764440013245,2.934432020702105e-08,0.0,0.03993388782932434,0.01996695565239025,165
15.0,Yaroslav Askarov,23.0,SJS,G,21.0,0.0,0.0,0.0,,0.0,,0.0,0.0,,,,,0.0,,,,,,,,,,,,,21.0,12.0,8.0,1.0,64.0,641.0,577.0,0.9,3.23,0.0,1190:11,12.0,0.571,6.0,98.0,1.3,3.43,4.2,2026.0,Yaroslav Askarov,37.0,17.0,14.0,1,0.5483870967741935,0.0,0.0,0.0,,,,,,0.0001755495833216751,0.009893230682371553,0.0,0.03151557173230331,0.019715078139100277,166
75.0,Jake Sanderson,23.0,OTT,D,32.0,7.0,19.0,26.0,1.0,2.0,5.0,2.0,0.0,1.0,10.0,9.0,0.0,72.0,9.7,194.0,811:07,25:21,0.0,0.0,,59.0,11.0,21.0,36.0,,,,,,,,,,,,,,,,,,,,,,34.0,15.0,13.0,0,0.5357142857142857,0.21875,0.59375,0.8125,2.25,0.0625,0.0,811.1166666666667,25.35,4.856464629969736e-05,0.010160804140434921,0.0,0.030854727525647278,0.01949168541899761,167
682.0,Joey Daccord,29.0,SEA,G,20.0,0.0,1.0,1.0,0.0,2.0,0.0,0.0,0.0,0.0,1.0,0.0,0.0,1.0,0.0,3.0,1142:52,57:09,0.0,0.0,,0.0,0.0,0.0,13.0,,,,,,,,,,,,,,,,,,,,,,30.0,12.0,13.0,1,0.48,0.0,0.05,0.05,0.05,0.0,0.0,1142.8666666666666,57.15,8.756343824012509e-05,0.009605535956908853,0.0,0.03105768172104098,0.01937105524328403,168
28.0,Artemi Panarin,34.0,NYR,LW,35.0,11.0,23.0,34.0,-3.0,8.0,11.0,0.0,0.0,2.0,15.0,8.0,0.0,105.0,10.5,243.0,726:00,20:45,0.0,0.0,,6.0,6.0,8.0,41.0,,,,,,,,,,,,,,,,,,,,,,36.0,16.0,15.0,0,0.5161290322580645,0.3142857142857143,0.6571428571428571,0.9714285714285714,3.0,0.0,0.0,726.0,20.75,0.0013226892791865649,0.0015059303494569115,0.0,0.03748541855048349,0.01934508141502451,169
881.0,Juuse Saros,30.0,NSH,G,25.0,0.0,0.0,0.0,0.0,2.0,0.0,0.0,0.0,0.0,0.0,0.0,0.0,0.0,,0.0,1446:34,57:52,0.0,0.0,,0.0,0.0,0.0,8.0,,,,,,,,,,,,,,,,,,,,,,30.0,13.0,15.0,1,0.4642857142857143,0.0,0.0,0.0,0.0,0.0,0.0,1446.5666666666666,57.86666666666667,0.00033950145163969095,0.007502852471362464,0.0,0.032368796098037646,0.019185539037563808,170
86.0,John Carlson,36.0,WSH,D,29.0,6.0,18.0,24.0,5.0,10.0,6.0,0.0,0.0,0.0,12.0,6.0,0.0,63.0,9.5,150.0,657:19,22:40,0.0,0.0,,40.0,11.0,21.0,45.0,,,,,,,,,,,,,,,,,,,,,,40.0,18.0,11.0,0,0.6206896551724138,0.20689655172413793,0.6206896551724138,0.8275862068965517,2.1724137931034484,0.0,0.0,657.3166666666667,22.666666666666668,7.130557288329612e-05,0.00840155951006773,0.0,0.030973073921205678,0.01884716076462993,171
8.0,Spencer Knight,24.0,CHI,G,23.0,0.0,1.0,1.0,,0.0,,0.0,0.0,,,,,0.0,,,,,,,,,,,,,23.0,10.0,8.0,5.0,59.0,687.0,628.0,0.914,2.55,2.0,1390:44,12.0,0.522,3.0,84.0,11.0,2.67,5.6,2026.0,Spencer Knight,32.0,13.0,14.0,1,0.48148148148148145,0.0,0.043478260869565216,0.043478260869565216,,,,,,8.756343824012509e-05,0.007860979268790692,0.0,0.03105768172104098,0.01867323256803677,172
2.0,Karel Vejmelka,29.0,UTA,G,26.0,0.0,1.0,1.0,,2.0,,0.0,0.0,,,,,0.0,,,,,,,,,,,,,26.0,14.0,9.0,2.0,70.0,642.0,572.0,0.891,2.78,1.0,1508:19,13.0,0.5,6.0,107.0,-4.6,2.94,3.6,2026.0,Karel Vejmelka,35.0,16.0,16.0,1,0.5,0.0,0.038461538461538464,0.038461538461538464,,,,,,8.756343824012509e-05,0.007557777635664683,0.0,0.03105768172104098,0.018551951914786362,173
9.0,Darcy Kuemper,35.0,LAK,G,23.0,0.0,0.0,0.0,,4.0,,0.0,0.0,,,,,0.0,,,,,,,,,,,,,23.0,10.0,6.0,6.0,49.0,588.0,539.0,0.917,2.19,2.0,1343:43,15.0,0.652,3.0,82.0,10.9,2.32,4.9,2026.0,Darcy Kuemper,37.0,14.0,9.0,1,0.6086956521739131,0.0,0.0,0.0,,,,,,0.00015775038124675445,0.00655641382220051,0.0,0.031422942639041045,0.018334036848400726,174
61.0,Dylan Guenther,22.0,UTA,RW,35.0,15.0,12.0,27.0,-3.0,8.0,11.0,4.0,0.0,5.0,8.0,4.0,0.0,110.0,13.6,219.0,602:03,17:12,14.0,18.0,43.8,13.0,34.0,7.0,36.0,,,,,,,,,,,,,,,,,,,,,,35.0,16.0,16.0,0,0.5,0.42857142857142855,0.34285714285714286,0.7714285714285715,3.142857142857143,0.11428571428571428,0.0,602.05,17.2,0.0008734306985191149,0.0018353059734036558,0.0,0.0351474252633489,0.018307835021035914,175
17.0,Jet Greaves,24.0,CBJ,G,21.0,0.0,0.0,0.0,,0.0,,0.0,0.0,,,,,0.0,,,,,,,,,,,,,20.0,8.0,8.0,5.0,58.0,610.0,552.0,0.905,2.76,0.0,1262:10,12.0,0.6,4.0,93.0,4.2,2.95,4.3,2026.0,Jet Greaves,34.0,14.0,13.0,1,0.5185185185185185,0.0,0.0,0.0,,,,,,0.0001755495833216751,0.005952961658919998,0.0,0.03151557173230331,0.018138970529719654,176
1.0,Igor Shesterkin,30.0,NYR,G,27.0,0.0,0.0,0.0,,4.0,,0.0,0.0,,,,,0.0,,,,,,,,,,,,,27.0,13.0,11.0,3.0,69.0,748.0,679.0,0.908,2.55,1.0,1622:43,18.0,0.667,5.0,91.0,7.2,2.7,5.6,2026.0,Igor Shesterkin,36.0,16.0,15.0,1,0.5161290322580645,0.0,0.0,0.0,,,,,,0.00015775038124675445,0.005852541924630342,0.0,0.031422942639041045,0.01805248808937266,177
668.0,Jordan Binnington,32.0,STL,G,21.0,0.0,1.0,1.0,0.0,0.0,0.0,0.0,0.0,0.0,0.0,1.0,0.0,0.0,,0.0,1116:46,53:11,0.0,0.0,,0.0,0.0,0.0,13.0,,,,,,,,,,,,,,,,,,,,,,31.0,12.0,15.0,1,0.4444444444444444,0.0,0.047619047619047616,0.047619047619047616,0.0,0.0,0.0,1116.7666666666667,53.18333333333333,0.00025956202522693487,0.004858354546744956,0.0,0.03195278213553804,0.017919732886467,178
97.0,Patrick Kane,37.0,DET,RW,24.0,6.0,17.0,23.0,-2.0,8.0,5.0,1.0,0.0,2.0,9.0,8.0,0.0,70.0,8.6,119.0,413:27,17:14,0.0,1.0,0.0,10.0,6.0,1.0,27.0,,,,,,,,,,,,,,,,,,,,,,41.0,19.0,12.0,0,0.6129032258064516,0.25,0.7083333333333334,0.9583333333333334,2.9166666666666665,0.041666666666666664,0.0,413.45,17.233333333333334,0.0009705900274715772,4.782436003017022e-05,0.0,0.03565305357775055,0.017845656532887343,179
35.0,Evan Bouchard,26.0,EDM,D,34.0,6.0,26.0,32.0,3.0,10.0,3.0,3.0,0.0,1.0,17.0,8.0,1.0,86.0,7.0,189.0,814:06,23:57,0.0,0.0,,44.0,11.0,19.0,51.0,,,,,,,,,,,,,,,,,,,,,,38.0,16.0,12.0,0,0.5714285714285714,0.17647058823529413,0.7647058823529411,0.9411764705882353,2.5294117647058822,0.08823529411764706,0.0,814.1,23.95,-0.0010125664539266655,0.012566860600532772,0.0,0.025332479324147932,0.017692983902287074,180
7.0,Sergei Bobrovsky,37.0,FLA,G,23.0,0.0,1.0,1.0,,2.0,,0.0,0.0,,,,,0.0,,,,,,,,,,,,,23.0,14.0,8.0,1.0,63.0,562.0,499.0,0.888,2.8,3.0,1348:44,16.0,0.696,6.0,110.0,-5.7,2.98,3.0,2026.0,Sergei Bobrovsky,36.0,17.0,13.0,1,0.5666666666666667,0.0,0.043478260869565216,0.043478260869565216,,,,,,7.781095483399822e-05,0.004994157635911277,0.0,0.03100692867654144,0.01750112739263523,181
123.0,Chris Kreider,34.0,ANA,LW,30.0,13.0,8.0,21.0,2.0,16.0,7.0,6.0,0.0,1.0,5.0,3.0,0.0,66.0,19.7,124.0,520:36,17:21,7.0,15.0,31.8,11.0,27.0,4.0,29.0,,,,,,,,,,,,,,,,,,,,,,42.0,20.0,12.0,0,0.625,0.43333333333333335,0.26666666666666666,0.7,2.2,0.2,0.0,520.6,17.35,0.0006303952285350583,0.0012545990173363673,0.0,0.03388264074545691,0.017443159979663003,182
5.0,Linus Ullmark,32.0,OTT,G,24.0,0.0,0.0,0.0,,2.0,,0.0,0.0,,,,,0.0,,,,,,,,,,,,,24.0,12.0,8.0,4.0,73.0,603.0,530.0,0.879,3.0,0.0,1457:52,13.0,0.542,5.0,119.0,-11.6,3.21,2.6,2026.0,Linus Ullmark,34.0,15.0,13.0,1,0.5357142857142857,0.0,0.0,0.0,,,,,,0.00015775038124675445,0.004110026458621728,0.0,0.031422942639041045,0.017355481902969212,183
3.0,Dustin Wolf,24.0,CGY,G,26.0,0.0,0.0,0.0,,2.0,,0.0,0.0,,,,,0.0,,,,,,,,,,,,,25.0,10.0,13.0,2.0,69.0,661.0,592.0,0.896,2.96,2.0,1399:22,12.0,0.48,6.0,102.0,-1.7,3.13,4.1,2026.0,Dustin Wolf,30.0,13.0,17.0,1,0.43333333333333335,0.0,0.0,0.0,,,,,,0.0001755495833216751,0.0036231244202463626,0.0,0.03151557173230331,0.0172070356342502,184
56.0,Adrian Kempe,29.0,LAK,LW,32.0,11.0,17.0,28.0,5.0,22.0,10.0,1.0,0.0,4.0,11.0,5.0,1.0,95.0,11.6,217.0,616:21,19:16,14.0,24.0,36.8,17.0,60.0,9.0,27.0,,,,,,,,,,,,,,,,,,,,,,37.0,14.0,9.0,0,0.6086956521739131,0.34375,0.53125,0.875,2.96875,0.03125,0.0,616.35,19.266666666666666,4.856464629969736e-05,0.004006463062131737,0.0,0.030854727525647278,0.017029948987676333,185
159.0,Simon Nemec,21.0,NJD,D,31.0,7.0,11.0,18.0,4.0,16.0,7.0,0.0,0.0,2.0,10.0,1.0,0.0,50.0,14.0,127.0,621:38,20:03,0.0,0.0,,46.0,9.0,9.0,31.0,,,,,,,,,,,,,,,,,,,,,,37.0,18.0,14.0,0,0.5625,0.22580645161290322,0.3548387096774194,0.5806451612903226,1.6129032258064515,0.0,0.0,621.6333333333333,20.05,4.856464629969736e-05,0.0037404601333833176,0.0,0.030854727525647278,0.016923547816176967,186
50.0,Travis Konecny,28.0,PHI,RW,32.0,9.0,20.0,29.0,11.0,19.0,8.0,1.0,0.0,1.0,15.0,5.0,0.0,70.0,12.9,122.0,607:02,18:58,9.0,25.0,26.5,22.0,44.0,10.0,49.0,,,,,,,,,,,,,,,,,,,,,,40.0,17.0,9.0,0,0.6538461538461539,0.28125,0.625,0.90625,2.1875,0.03125,0.0,607.0333333333333,18.966666666666665,0.0003480981195508437,0.0017283350511781402,0.0,0.03241353414586333,0.01689810109340292,187
60.0,Alex Tuch,29.0,BUF,RW,31.0,11.0,17.0,28.0,2.0,37.0,8.0,2.0,1.0,1.0,16.0,1.0,0.0,77.0,14.3,154.0,572:30,18:28,11.0,15.0,42.3,31.0,31.0,12.0,22.0,,,,,,,,,,,,,,,,,,,,,,32.0,14.0,14.0,0,0.5,0.3548387096774194,0.5483870967741935,0.9032258064516129,2.4838709677419355,0.06451612903225806,0.03225806451612903,572.5,18.466666666666665,0.00042120923230404327,0.0010521259254602264,0.0,0.03279401277929971,0.01681785675983395,188
19.0,Joey Daccord,29.0,SEA,G,20.0,0.0,1.0,1.0,,2.0,,0.0,0.0,,,,,0.0,,,,,,,,,,,,,20.0,8.0,8.0,4.0,55.0,516.0,461.0,0.893,2.89,2.0,1142:52,10.0,0.5,7.0,105.0,-2.4,3.04,3.0,2026.0,Joey Daccord,30.0,12.0,13.0,1,0.48,0.0,0.05,0.05,,,,,,8.756343824012509e-05,0.0031097528711271864,0.0,0.03105768172104098,0.016772742008971366,189
168.0,Jason Zucker,34.0,BUF,LW,21.0,9.0,9.0,18.0,-10.0,10.0,4.0,5.0,0.0,1.0,5.0,4.0,0.0,49.0,18.4,82.0,327:45,15:36,17.0,37.0,31.5,4.0,22.0,3.0,19.0,,,,,,,,,,,,,,,,,,,,,,32.0,14.0,14.0,0,0.5,0.42857142857142855,0.42857142857142855,0.8571428571428571,2.3333333333333335,0.23809523809523808,0.0,327.75,15.6,0.0004700276172490612,0.0004175391789180516,0.0,0.033048069265256275,0.01669105030419536,190
4.0,Juuse Saros,30.0,NSH,G,25.0,0.0,0.0,0.0,,2.0,,0.0,0.0,,,,,0.0,,,,,,,,,,,,,25.0,12.0,10.0,3.0,71.0,690.0,619.0,0.897,2.94,0.0,1446:34,14.0,0.56,6.0,101.0,-0.7,3.11,4.3,2026.0,Juuse Saros,30.0,13.0,15.0,1,0.4642857142857143,0.0,0.0,0.0,,,,,,0.00015775038124675445,0.0023283695298775687,0.0,0.031422942639041045,0.01664281913147155,191
740.0,Brandon Tanev,34.0,UTA,LW,29.0,0.0,1.0,1.0,-9.0,10.0,0.0,0.0,0.0,0.0,1.0,0.0,0.0,18.0,0.0,36.0,284:31,9:49,3.0,11.0,21.4,13.0,76.0,2.0,18.0,,,,,,,,,,,,,,,,,,,,,,35.0,16.0,16.0,0,0.5,0.0,0.034482758620689655,0.034482758620689655,0.6206896551724138,0.0,0.0,284.51666666666665,9.816666666666666,0.0005066421657860437,1.1204363496270988e-12,0.0,0.03323861558395707,0.01661930779242671,192
58.0,Josh Morrissey,30.0,WPG,D,32.0,5.0,23.0,28.0,11.0,10.0,4.0,1.0,0.0,0.0,16.0,7.0,0.0,58.0,8.6,123.0,781:31,24:25,0.0,0.0,,62.0,20.0,9.0,35.0,,,,,,,,,,,,,,,,,,,,,,32.0,15.0,15.0,0,0.5,0.15625,0.71875,0.875,1.8125,0.03125,0.0,781.5166666666667,24.416666666666668,0.00016472363906792168,0.0016942498935655806,0.0,0.03145923227417973,0.016407316094516098,193
73.0,Kirill Marchenko,25.0,CBJ,RW,29.0,10.0,16.0,26.0,5.0,14.0,7.0,2.0,1.0,2.0,8.0,8.0,0.0,88.0,11.4,192.0,553:02,19:04,0.0,1.0,0.0,18.0,23.0,14.0,39.0,,,,,,,,,,,,,,,,,,,,,,34.0,14.0,13.0,0,0.5185185185185185,0.3448275862068966,0.5517241379310345,0.896551724137931,3.0344827586206895,0.06896551724137931,0.034482758620689655,553.0333333333333,19.066666666666666,0.0002715334115359736,0.0007581043438902669,0.0,0.03201508260576311,0.01631078304043766,194
215.0,John Klingberg,33.0,SJS,D,25.0,8.0,7.0,15.0,2.0,14.0,4.0,4.0,0.0,2.0,4.0,3.0,0.0,36.0,22.2,97.0,532:05,21:17,0.0,0.0,,33.0,20.0,5.0,28.0,,,,,,,,,,,,,,,,,,,,,,37.0,17.0,14.0,0,0.5483870967741935,0.32,0.28,0.6,1.44,0.16,0.0,532.0833333333334,21.283333333333335,3.8812162893570486e-05,0.002176232086924189,0.0,0.030803974481147738,0.016272480075343543,195
72.0,Anton Lundell,24.0,FLA,C,32.0,10.0,16.0,26.0,-3.0,14.0,7.0,2.0,1.0,2.0,9.0,5.0,2.0,71.0,14.1,135.0,613:19,19:10,309.0,281.0,52.4,26.0,37.0,6.0,28.0,,,,,,,,,,,,,,,,,,,,,,36.0,17.0,13.0,0,0.5666666666666667,0.3125,0.5,0.8125,2.21875,0.0625,0.03125,613.3166666666667,19.166666666666668,4.856464629969736e-05,0.0019073247233759654,0.0,0.030854727525647278,0.016190293652174025,196
16.0,Jordan Binnington,32.0,STL,G,21.0,0.0,1.0,1.0,,0.0,,0.0,0.0,,,,,0.0,,,,,,,,,,,,,19.0,7.0,8.0,5.0,65.0,497.0,432.0,0.869,3.49,0.0,1116:46,6.0,0.316,9.0,128.0,-14.4,3.71,1.6,2026.0,Jordan Binnington,31.0,12.0,15.0,1,0.4444444444444444,0.0,0.047619047619047616,0.047619047619047616,,,,,,7.781095483399822e-05,0.0015049337143961657,0.0,0.03100692867654144,0.016105437824029185,197
43.0,Nick Schmaltz,29.0,UTA,C,35.0,12.0,18.0,30.0,-2.0,8.0,9.0,3.0,0.0,3.0,14.0,4.0,0.0,85.0,14.1,161.0,685:01,19:34,128.0,153.0,45.6,27.0,11.0,17.0,39.0,,,,,,,,,,,,,,,,,,,,,,35.0,16.0,16.0,0,0.5,0.34285714285714286,0.5142857142857142,0.8571428571428571,2.4285714285714284,0.08571428571428572,0.0,685.0166666666667,19.566666666666666,4.856464629969736e-05,0.0016445035224611681,0.0,0.030854727525647278,0.016085165171808108,198
76.0,Carter Verhaeghe,30.0,FLA,C,31.0,10.0,16.0,26.0,2.0,8.0,8.0,2.0,0.0,2.0,13.0,3.0,0.0,78.0,12.8,155.0,547:42,17:40,15.0,26.0,36.6,10.0,31.0,9.0,21.0,,,,,,,,,,,,,,,,,,,,,,36.0,17.0,13.0,0,0.5666666666666667,0.3225806451612903,0.5161290322580645,0.8387096774193549,2.5161290322580645,0.06451612903225806,0.0,547.7,17.666666666666668,3.8812162893570486e-05,0.0012750365490711568,0.0,0.030803974481147738,0.01591200186020233,199
46.0,Jesper Bratt,27.0,NJD,W,33.0,6.0,23.0,29.0,-5.0,8.0,3.0,2.0,1.0,2.0,15.0,8.0,0.0,74.0,8.1,146.0,623:16,18:53,0.0,0.0,,10.0,35.0,16.0,30.0,,,,,,,,,,,,,,,,,,,,,,37.0,18.0,14.0,0,0.5625,0.18181818181818182,0.696969696969697,0.8787878787878788,2.242424242424242,0.06060606060606061,0.030303030303030304,623.2666666666667,18.883333333333333,0.00017447612247404858,9.960959269089857e-05,0.0,0.031509985318679275,0.015794836496415998,200
129.0,Jackson LaCombe,25.0,ANA,D,34.0,6.0,14.0,20.0,2.0,8.0,4.0,1.0,1.0,0.0,8.0,5.0,1.0,77.0,7.8,181.0,858:32,25:15,0.0,0.0,,62.0,30.0,23.0,53.0,,,,,,,,,,,,,,,,,,,,,,42.0,20.0,12.0,0,0.625,0.17647058823529413,0.4117647058823529,0.5882352941176471,2.264705882352941,0.029411764705882353,0.029411764705882353,858.5333333333333,25.25,8.105805628942299e-05,0.0006618274126522106,0.0,0.031023826965705218,0.015776644447913494,201
109.0,Oliver Ekman-Larsson,34.0,TOR,D,32.0,6.0,16.0,22.0,5.0,24.0,6.0,0.0,0.0,0.0,13.0,3.0,0.0,51.0,11.8,115.0,661:12,20:40,0.0,0.0,,27.0,41.0,9.0,47.0,,,,,,,,,,,,,,,,,,,,,,35.0,15.0,12.0,0,0.5555555555555556,0.1875,0.5,0.6875,1.59375,0.0,0.0,661.2,20.666666666666668,3.8812162893570486e-05,0.0008995868516502919,0.0,0.030803974481147738,0.015761821981233985,202
218.0,Jake Neighbours,23.0,STL,LW,22.0,8.0,7.0,15.0,-10.0,12.0,8.0,0.0,0.0,2.0,5.0,2.0,0.0,30.0,26.7,63.0,335:38,15:15,2.0,0.0,100.0,8.0,62.0,3.0,12.0,,,,,,,,,,,,,,,,,,,,,,31.0,12.0,15.0,0,0.4444444444444444,0.36363636363636365,0.3181818181818182,0.6818181818181818,1.3636363636363635,0.0,0.0,335.6333333333333,15.25,4.856464629969736e-05,0.0007104581162555453,0.0,0.030854727525647278,0.015711547009325855,203
69.0,Nico Hischier,27.0,NJD,C,33.0,10.0,16.0,26.0,-2.0,14.0,8.0,2.0,0.0,1.0,11.0,5.0,0.0,76.0,13.2,155.0,685:26,20:46,369.0,314.0,54.0,32.0,26.0,14.0,30.0,,,,,,,,,,,,,,,,,,,,,,37.0,18.0,14.0,0,0.5625,0.30303030303030304,0.48484848484848486,0.7878787878787878,2.303030303030303,0.06060606060606061,0.0,685.4333333333333,20.766666666666666,4.856464629969736e-05,0.0006952651230792207,0.0,0.030854727525647278,0.015705469812055325,204
100.0,Morgan Rielly,31.0,TOR,D,31.0,5.0,18.0,23.0,-4.0,6.0,5.0,0.0,0.0,2.0,14.0,4.0,0.0,61.0,8.2,154.0,684:00,22:04,0.0,0.0,,44.0,13.0,10.0,50.0,,,,,,,,,,,,,,,,,,,,,,35.0,15.0,12.0,0,0.5555555555555556,0.16129032258064516,0.5806451612903226,0.7419354838709677,1.967741935483871,0.0,0.0,684.0,22.066666666666666,3.8812162893570486e-05,0.0007326454308668755,0.0,0.030803974481147738,0.01569504541292062,205
64.0,Mathew Barzal,28.0,NYI,C,33.0,9.0,17.0,26.0,7.0,18.0,8.0,1.0,0.0,1.0,11.0,6.0,0.0,76.0,11.8,146.0,697:50,21:09,108.0,184.0,37.0,24.0,15.0,16.0,37.0,,,,,,,,,,,,,,,,,,,,,,41.0,19.0,12.0,0,0.6129032258064516,0.2727272727272727,0.5151515151515151,0.7878787878787878,2.303030303030303,0.030303030303030304,0.0,697.8333333333334,21.15,4.856464629969736e-05,0.0006397521775234672,0.0,0.030854727525647278,0.015683264633833027,206
133.0,Aliaksei Protas,25.0,WSH,C,33.0,10.0,10.0,20.0,20.0,8.0,10.0,0.0,0.0,1.0,8.0,1.0,1.0,69.0,14.5,136.0,604:13,18:19,9.0,15.0,37.5,24.0,14.0,12.0,39.0,,,,,,,,,,,,,,,,,,,,,,40.0,18.0,11.0,0,0.6206896551724138,0.30303030303030304,0.30303030303030304,0.6060606060606061,2.090909090909091,0.0,0.0,604.2166666666667,18.316666666666666,8.105805628942299e-05,0.00041555379524659984,0.0,0.031023826965705218,0.01567813500095125,207
83.0,JJ Peterka,24.0,UTA,RW,35.0,13.0,12.0,25.0,4.0,14.0,12.0,1.0,0.0,2.0,12.0,0.0,0.0,78.0,16.7,148.0,590:57,16:53,4.0,7.0,36.4,10.0,9.0,10.0,37.0,,,,,,,,,,,,,,,,,,,,,,35.0,16.0,16.0,0,0.5,0.37142857142857144,0.34285714285714286,0.7142857142857143,2.2285714285714286,0.02857142857142857,0.0,590.95,16.883333333333333,4.856464629969736e-05,0.0006081541593884444,0.0,0.030854727525647278,0.015670625426579016,208
110.0,Adam Fantilli,21.0,CBJ,C,33.0,12.0,10.0,22.0,-10.0,13.0,9.0,3.0,0.0,2.0,10.0,0.0,0.0,88.0,13.6,201.0,608:25,18:26,184.0,175.0,51.3,22.0,34.0,14.0,36.0,,,,,,,,,,,,,,,,,,,,,,34.0,14.0,13.0,0,0.5185185185185185,0.36363636363636365,0.30303030303030304,0.6666666666666666,2.6666666666666665,0.09090909090909091,0.0,608.4166666666666,18.433333333333334,4.856464629969736e-05,0.0006020178857749293,0.0,0.030854727525647278,0.01566817091713361,209
245.0,Casey Mittelstadt,27.0,BOS,C,24.0,8.0,6.0,14.0,-1.0,2.0,7.0,1.0,0.0,0.0,5.0,1.0,0.0,25.0,32.0,54.0,358:30,14:56,60.0,48.0,55.6,10.0,4.0,2.0,23.0,,,,,,,,,,,,,,,,,,,,,,40.0,20.0,14.0,0,0.5882352941176471,0.3333333333333333,0.25,0.5833333333333334,1.0416666666666667,0.041666666666666664,0.0,358.5,14.933333333333334,4.856464629969736e-05,0.0004624311421093003,0.0,0.030854727525647278,0.015612336219667358,210
91.0,Moritz Seider,24.0,DET,D,34.0,4.0,20.0,24.0,11.0,31.0,3.0,1.0,0.0,0.0,9.0,11.0,0.0,79.0,5.1,172.0,855:27,25:10,0.0,0.0,,70.0,60.0,13.0,41.0,,,,,,,,,,,,,,,,,,,,,,41.0,19.0,12.0,0,0.6129032258064516,0.11764705882352941,0.5882352941176471,0.7058823529411765,2.323529411764706,0.029411764705882353,0.0,855.45,25.166666666666668,4.856464629969736e-05,0.00045582312111899824,0.0,0.030854727525647278,0.015609693011271238,211
803.0,Garnet Hathaway,34.0,PHI,RW,32.0,0.0,0.0,0.0,-8.0,25.0,0.0,0.0,0.0,0.0,0.0,0.0,0.0,15.0,0.0,32.0,329:00,10:17,5.0,1.0,83.3,20.0,114.0,4.0,15.0,,,,,,,,,,,,,,,,,,,,,,40.0,17.0,9.0,0,0.6538461538461539,0.0,0.0,0.0,0.46875,0.0,0.0,329.0,10.283333333333333,0.00011671526958807397,4.941087789964909e-12,0.0,0.03120939120179909,0.01560469560287598,212
95.0,Christian Dvorak,29.0,PHI,C,32.0,7.0,16.0,23.0,10.0,8.0,7.0,0.0,0.0,0.0,16.0,0.0,0.0,55.0,12.7,88.0,543:18,16:59,205.0,169.0,54.8,20.0,16.0,6.0,22.0,,,,,,,,,,,,,,,,,,,,,,40.0,17.0,9.0,0,0.6538461538461539,0.21875,0.5,0.71875,1.71875,0.0,0.0,543.3,16.983333333333334,8.105805628942299e-05,0.00014786418829228722,0.0,0.031023826965705218,0.015571059158169524,213
55.0,Clayton Keller,27.0,UTA,C,35.0,10.0,18.0,28.0,0.0,8.0,10.0,0.0,0.0,2.0,8.0,10.0,0.0,99.0,10.1,166.0,670:47,19:10,7.0,9.0,43.8,16.0,6.0,11.0,41.0,,,,,,,,,,,,,,,,,,,,,,35.0,16.0,16.0,0,0.5,0.2857142857142857,0.5142857142857142,0.8,2.8285714285714287,0.0,0.0,670.7833333333333,19.166666666666668,4.856464629969736e-05,0.000301015287721651,0.0,0.030854727525647278,0.0155477698779123,214
74.0,Ryan O'Reilly,34.0,NSH,C,32.0,10.0,16.0,26.0,3.0,2.0,8.0,1.0,1.0,5.0,13.0,3.0,0.0,51.0,19.6,89.0,624:21,19:31,317.0,237.0,57.2,23.0,9.0,24.0,17.0,,,,,,,,,,,,,,,,,,,,,,30.0,13.0,15.0,0,0.4642857142857143,0.3125,0.5,0.8125,1.59375,0.03125,0.03125,624.35,19.516666666666666,3.8812162893570486e-05,0.00035591893673399147,0.0,0.030803974481147738,0.015544354815267466,215
102.0,Dylan Strome,28.0,WSH,C,31.0,6.0,17.0,23.0,15.0,16.0,6.0,0.0,0.0,1.0,11.0,6.0,0.0,51.0,11.8,89.0,558:18,18:01,289.0,227.0,56.0,22.0,8.0,7.0,26.0,,,,,,,,,,,,,,,,,,,,,,40.0,18.0,11.0,0,0.6206896551724138,0.1935483870967742,0.5483870967741935,0.7419354838709677,1.6451612903225807,0.0,0.0,558.3,18.016666666666666,8.105805628942299e-05,6.20372073673464e-05,0.0,0.031023826965705218,0.015536728365799548,216
136.0,Owen Tippett,26.0,PHI,RW,32.0,9.0,11.0,20.0,1.0,20.0,8.0,1.0,0.0,0.0,11.0,0.0,0.0,69.0,13.0,142.0,528:56,16:32,3.0,2.0,60.0,17.0,57.0,6.0,35.0,,,,,,,,,,,,,,,,,,,,,,40.0,17.0,9.0,0,0.6538461538461539,0.28125,0.34375,0.625,2.15625,0.03125,0.0,528.9333333333333,16.533333333333335,8.105805628942299e-05,6.0234535097087895e-05,0.0,0.031023826965705218,0.015536007296891445,217
253.0,Olen Zellweger,22.0,ANA,D,34.0,5.0,9.0,14.0,9.0,16.0,4.0,1.0,0.0,1.0,7.0,2.0,0.0,60.0,8.3,155.0,618:30,18:11,0.0,0.0,,36.0,18.0,12.0,30.0,,,,,,,,,,,,,,,,,,,,,,42.0,20.0,12.0,0,0.625,0.14705882352941177,0.2647058823529412,0.4117647058823529,1.7647058823529411,0.029411764705882353,0.0,618.5,18.183333333333334,8.105805628942299e-05,5.6845699576418566e-05,0.0,0.031023826965705218,0.015534651762683177,218
234.0,Jamie Drysdale,23.0,PHI,D,32.0,3.0,11.0,14.0,2.0,18.0,3.0,0.0,0.0,1.0,11.0,0.0,0.0,34.0,8.8,100.0,698:22,21:49,0.0,0.0,,39.0,7.0,6.0,22.0,,,,,,,,,,,,,,,,,,,,,,40.0,17.0,9.0,0,0.6538461538461539,0.09375,0.34375,0.4375,1.0625,0.0,0.0,698.3666666666667,21.816666666666666,8.105805628942299e-05,3.7393477656920154e-05,0.0,0.031023826965705218,0.015526870873915377,219
158.0,Matvei Michkov,21.0,PHI,RW,32.0,8.0,10.0,18.0,-2.0,32.0,7.0,1.0,0.0,0.0,7.0,3.0,0.0,61.0,13.1,115.0,469:43,14:41,0.0,4.0,0.0,8.0,16.0,10.0,41.0,,,,,,,,,,,,,,,,,,,,,,40.0,17.0,9.0,0,0.6538461538461539,0.25,0.3125,0.5625,1.90625,0.03125,0.0,469.71666666666664,14.683333333333334,8.105805628942299e-05,2.216387833698401e-05,0.0,0.031023826965705218,0.015520779034187403,220
130.0,Mason McTavish,23.0,ANA,C,34.0,7.0,13.0,20.0,-1.0,34.0,5.0,2.0,0.0,2.0,11.0,2.0,0.0,60.0,11.7,143.0,553:37,16:17,218.0,226.0,49.1,21.0,33.0,9.0,26.0,,,,,,,,,,,,,,,,,,,,,,42.0,20.0,12.0,0,0.625,0.20588235294117646,0.38235294117647056,0.5882352941176471,1.7647058823529411,0.058823529411764705,0.0,553.6166666666667,16.283333333333335,8.105805628942299e-05,1.5561782631056345e-05,0.0,0.031023826965705218,0.01551813819590503,221
156.0,Ryan Leonard,21.0,WSH,RW,29.0,7.0,11.0,18.0,7.0,12.0,6.0,1.0,0.0,2.0,7.0,4.0,0.0,61.0,11.5,130.0,386:29,13:20,5.0,4.0,55.6,9.0,43.0,8.0,30.0,,,,,,,,,,,,,,,,,,,,,,40.0,18.0,11.0,0,0.6206896551724138,0.2413793103448276,0.3793103448275862,0.6206896551724138,2.103448275862069,0.034482758620689655,0.0,386.48333333333335,13.333333333333334,8.105805628942299e-05,1.4867760220925685e-05,0.0,0.031023826965705218,0.01551786058694098,222
211.0,Bobby Brink,24.0,PHI,RW,32.0,9.0,6.0,15.0,-3.0,16.0,7.0,2.0,0.0,1.0,4.0,2.0,0.0,61.0,14.8,102.0,502:15,15:42,10.0,22.0,31.3,14.0,39.0,4.0,18.0,,,,,,,,,,,,,,,,,,,,,,40.0,17.0,9.0,0,0.6538461538461539,0.28125,0.1875,0.46875,1.90625,0.0625,0.0,502.25,15.7,8.105805628942299e-05,8.792515518384383e-06,0.0,0.031023826965705218,0.015515430489059963,223
248.0,Travis Sanheim,29.0,PHI,D,32.0,2.0,12.0,14.0,4.0,10.0,2.0,0.0,0.0,1.0,10.0,2.0,0.0,42.0,4.8,111.0,811:22,25:21,0.0,0.0,,61.0,21.0,12.0,44.0,,,,,,,,,,,,,,,,,,,,,,40.0,17.0,9.0,0,0.6538461538461539,0.0625,0.375,0.4375,1.3125,0.0,0.0,811.3666666666667,25.35,8.105805628942299e-05,5.406920478639896e-06,0.0,0.031023826965705218,0.015514076251044066,224
189.0,Noah Cates,26.0,PHI,LW,32.0,7.0,9.0,16.0,11.0,10.0,6.0,1.0,0.0,2.0,6.0,3.0,0.0,60.0,11.7,94.0,550:43,17:13,183.0,245.0,42.8,28.0,31.0,11.0,14.0,,,,,,,,,,,,,,,,,,,,,,40.0,17.0,9.0,0,0.6538461538461539,0.21875,0.28125,0.5,1.875,0.03125,0.0,550.7166666666667,17.216666666666665,8.105805628942299e-05,3.6748903054291328e-06,0.0,0.031023826965705218,0.01551338343897478,225
407.0,Pavel Mintyukov,22.0,ANA,D,30.0,3.0,5.0,8.0,-1.0,2.0,3.0,0.0,0.0,1.0,5.0,0.0,0.0,27.0,11.1,76.0,483:17,16:07,0.0,0.0,,42.0,18.0,7.0,24.0,,,,,,,,,,,,,,,,,,,,,,42.0,20.0,12.0,0,0.625,0.1,0.16666666666666666,0.26666666666666666,0.9,0.0,0.0,483.28333333333336,16.116666666666667,8.105805628942299e-05,3.6454326948122767e-06,0.0,0.031023826965705218,0.015513371655930534,226
304.0,Cameron York,25.0,PHI,D,25.0,1.0,11.0,12.0,-2.0,10.0,0.0,1.0,0.0,0.0,6.0,5.0,0.0,20.0,5.0,58.0,585:23,23:25,0.0,0.0,,51.0,3.0,8.0,28.0,,,,,,,,,,,,,,,,,,,,,,40.0,17.0,9.0,0,0.6538461538461539,0.04,0.44,0.48,0.8,0.04,0.0,585.3833333333333,23.416666666666668,8.105805628942299e-05,2.1812921083567643e-06,0.0,0.031023826965705218,0.015512785999695952,227
372.0,Drew Helleson,24.0,ANA,D,32.0,2.0,7.0,9.0,-4.0,8.0,2.0,0.0,0.0,0.0,5.0,0.0,2.0,27.0,7.4,80.0,596:08,18:38,0.0,0.0,,48.0,32.0,13.0,23.0,,,,,,,,,,,,,,,,,,,,,,42.0,20.0,12.0,0,0.625,0.0625,0.21875,0.28125,0.84375,0.0,0.0,596.1333333333333,18.633333333333333,8.105805628942299e-05,1.3290268394316577e-06,0.0,0.031023826965705218,0.015512445093588382,228
385.0,Rasmus Sandin,25.0,WSH,D,28.0,2.0,7.0,9.0,8.0,6.0,2.0,0.0,0.0,0.0,7.0,0.0,0.0,33.0,6.1,78.0,536:36,19:10,0.0,0.0,,48.0,43.0,11.0,36.0,,,,,,,,,,,,,,,,,,,,,,40.0,18.0,11.0,0,0.6206896551724138,0.07142857142857142,0.25,0.32142857142857145,1.1785714285714286,0.0,0.0,536.6,19.166666666666668,8.105805628942299e-05,1.1619964730858613e-06,0.0,0.031023826965705218,0.015512378281441844,229
342.0,Martin Fehérváry,26.0,WSH,D,33.0,2.0,8.0,10.0,7.0,15.0,2.0,0.0,0.0,0.0,8.0,0.0,0.0,37.0,5.4,80.0,619:25,18:46,0.0,0.0,,58.0,39.0,5.0,21.0,,,,,,,,,,,,,,,,,,,,,,40.0,18.0,11.0,0,0.6206896551724138,0.06060606060606061,0.24242424242424243,0.30303030303030304,1.121212121212121,0.0,0.0,619.4166666666666,18.766666666666666,8.105805628942299e-05,1.1096620941133856e-06,0.0,0.031023826965705218,0.015512357347690254,230
522.0,Ian Moore,24.0,ANA,D,20.0,2.0,3.0,5.0,5.0,12.0,2.0,0.0,0.0,1.0,3.0,0.0,0.0,18.0,11.1,56.0,279:57,13:60,0.0,0.0,,37.0,8.0,5.0,20.0,,,,,,,,,,,,,,,,,,,,,,42.0,20.0,12.0,0,0.625,0.1,0.15,0.25,0.9,0.0,0.0,279.95,14.0,8.105805628942299e-05,8.554834330296555e-07,0.0,0.031023826965705218,0.015512255676225821,231
181.0,Connor McMichael,25.0,WSH,C,33.0,5.0,12.0,17.0,3.0,8.0,4.0,1.0,0.0,1.0,12.0,0.0,0.0,65.0,7.7,111.0,547:04,16:35,153.0,216.0,41.5,18.0,12.0,14.0,19.0,,,,,,,,,,,,,,,,,,,,,,40.0,18.0,11.0,0,0.6206896551724138,0.15151515151515152,0.36363636363636365,0.5151515151515151,1.9696969696969697,0.030303030303030304,0.0,547.0666666666667,16.583333333333332,8.105805628942299e-05,8.378979615671422e-07,0.0,0.031023826965705218,0.015512248642037235,232
394.0,Emil Andrae,23.0,PHI,D,22.0,1.0,7.0,8.0,7.0,10.0,1.0,0.0,0.0,0.0,6.0,1.0,0.0,22.0,4.5,54.0,381:02,17:19,0.0,0.0,,21.0,22.0,4.0,17.0,,,,,,,,,,,,,,,,,,,,,,40.0,17.0,9.0,0,0.6538461538461539,0.045454545454545456,0.3181818181818182,0.36363636363636365,1.0,0.0,0.0,381.03333333333336,17.316666666666666,8.105805628942299e-05,7.982341242850895e-07,0.0,0.031023826965705218,0.015512232776502323,233
343.0,Ethen Frank,27.0,WSH,F,22.0,4.0,6.0,10.0,1.0,8.0,3.0,1.0,0.0,0.0,5.0,1.0,0.0,29.0,13.8,54.0,253:32,11:31,1.0,3.0,25.0,10.0,16.0,3.0,9.0,,,,,,,,,,,,,,,,,,,,,,40.0,18.0,11.0,0,0.6206896551724138,0.18181818181818182,0.2727272727272727,0.45454545454545453,1.3181818181818181,0.045454545454545456,0.0,253.53333333333333,11.516666666666667,8.105805628942299e-05,5.366182737537379e-07,0.0,0.031023826965705218,0.01551212813016211,234
508.0,Noah Juulsen,28.0,PHI,D,27.0,1.0,4.0,5.0,3.0,8.0,1.0,0.0,0.0,0.0,4.0,0.0,0.0,17.0,5.9,42.0,366:56,13:35,0.0,0.0,,19.0,51.0,3.0,25.0,,,,,,,,,,,,,,,,,,,,,,40.0,17.0,9.0,0,0.6538461538461539,0.037037037037037035,0.14814814814814814,0.18518518518518517,0.6296296296296297,0.0,0.0,366.93333333333334,13.583333333333334,8.105805628942299e-05,9.781586665488864e-08,0.0,0.031023826965705218,0.015511952609199272,235
480.0,Sonny Milano,29.0,WSH,LW,20.0,4.0,2.0,6.0,0.0,4.0,4.0,0.0,0.0,2.0,2.0,0.0,0.0,24.0,16.7,37.0,187:29,9:22,5.0,4.0,55.6,2.0,5.0,2.0,8.0,,,,,,,,,,,,,,,,,,,,,,40.0,18.0,11.0,0,0.6206896551724138,0.2,0.1,0.3,1.2,0.0,0.0,187.48333333333332,9.366666666666667,8.105805628942299e-05,8.899773935333799e-08,0.0,0.031023826965705218,0.01551194908194835,236
308.0,Anthony Beauvillier,28.0,WSH,LW,33.0,6.0,5.0,11.0,6.0,10.0,6.0,0.0,0.0,3.0,5.0,0.0,0.0,69.0,8.7,116.0,507:54,15:23,6.0,8.0,42.9,13.0,53.0,6.0,18.0,,,,,,,,,,,,,,,,,,,,,,40.0,18.0,11.0,0,0.6206896551724138,0.18181818181818182,0.15151515151515152,0.3333333333333333,2.090909090909091,0.0,0.0,507.9,15.383333333333333,8.105805628942299e-05,8.527758756773264e-08,0.0,0.031023826965705218,0.015511947593887637,237
322.0,Ryan Poehling,27.0,ANA,C,27.0,1.0,10.0,11.0,1.0,4.0,1.0,0.0,0.0,0.0,8.0,0.0,2.0,27.0,3.7,53.0,357:29,13:14,137.0,171.0,44.5,31.0,11.0,3.0,17.0,,,,,,,,,,,,,,,,,,,,,,42.0,20.0,12.0,0,0.625,0.037037037037037035,0.37037037037037035,0.4074074074074074,1.0,0.0,0.0,357.48333333333335,13.233333333333333,8.105805628942299e-05,5.8479032567095195e-09,0.0,0.031023826965705218,0.015511915822013911,238
458.0,Brandon Duhaime,28.0,WSH,RW,33.0,4.0,2.0,6.0,0.0,27.0,3.0,0.0,1.0,0.0,2.0,0.0,0.0,22.0,18.2,53.0,398:14,12:04,5.0,18.0,21.7,23.0,77.0,5.0,11.0,,,,,,,,,,,,,,,,,,,,,,40.0,18.0,11.0,0,0.6206896551724138,0.12121212121212122,0.06060606060606061,0.18181818181818182,0.6666666666666666,0.0,0.030303030303030304,398.23333333333335,12.066666666666666,8.105805628942299e-05,3.1170618500002446e-09,0.0,0.031023826965705218,0.01551191472967735,239
410.0,Nikita Nesterenko,24.0,ANA,C,23.0,1.0,7.0,8.0,1.0,8.0,1.0,0.0,0.0,1.0,7.0,0.0,0.0,22.0,4.5,49.0,279:58,12:10,9.0,17.0,34.6,5.0,41.0,1.0,12.0,,,,,,,,,,,,,,,,,,,,,,42.0,20.0,12.0,0,0.625,0.043478260869565216,0.30434782608695654,0.34782608695652173,0.9565217391304348,0.0,0.0,279.96666666666664,12.166666666666666,8.105805628942299e-05,2.9934589677045195e-09,0.0,0.031023826965705218,0.015511914680236195,240
445.0,Justin Sourdif,23.0,WSH,RW,32.0,3.0,4.0,7.0,5.0,12.0,3.0,0.0,0.0,0.0,4.0,0.0,0.0,40.0,7.5,93.0,429:38,13:26,116.0,116.0,50.0,13.0,45.0,6.0,18.0,,,,,,,,,,,,,,,,,,,,,,40.0,18.0,11.0,0,0.6206896551724138,0.09375,0.125,0.21875,1.25,0.0,0.0,429.6333333333333,13.433333333333334,8.105805628942299e-05,2.172668107928969e-09,0.0,0.031023826965705218,0.015511914351919853,241
550.0,Nikita Grebenkin,22.0,PHI,RW,22.0,1.0,3.0,4.0,-3.0,21.0,1.0,0.0,0.0,0.0,3.0,0.0,0.0,10.0,10.0,23.0,228:10,10:22,2.0,1.0,66.7,7.0,41.0,5.0,18.0,,,,,,,,,,,,,,,,,,,,,,40.0,17.0,9.0,0,0.6538461538461539,0.045454545454545456,0.13636363636363635,0.18181818181818182,0.45454545454545453,0.0,0.0,228.16666666666666,10.366666666666667,8.105805628942299e-05,2.885307727056724e-10,0.0,0.031023826965705218,0.015511913598264919,242
513.0,Hendrix Lapierre,23.0,WSH,C,32.0,0.0,5.0,5.0,3.0,8.0,0.0,0.0,0.0,0.0,5.0,0.0,0.0,24.0,0.0,52.0,301:35,9:25,44.0,74.0,37.3,6.0,22.0,5.0,19.0,,,,,,,,,,,,,,,,,,,,,,40.0,18.0,11.0,0,0.6206896551724138,0.0,0.15625,0.15625,0.75,0.0,0.0,301.5833333333333,9.416666666666666,8.105805628942299e-05,2.762078140948957e-10,0.0,0.031023826965705218,0.015511913593335735,243
120.0,Sam Bennett,29.0,FLA,C,32.0,10.0,11.0,21.0,2.0,24.0,9.0,1.0,0.0,3.0,8.0,3.0,0.0,72.0,13.9,155.0,556:26,17:23,206.0,213.0,49.2,11.0,65.0,11.0,33.0,,,,,,,,,,,,,,,,,,,,,,36.0,17.0,13.0,0,0.5666666666666667,0.3125,0.34375,0.65625,2.25,0.03125,0.0,556.4333333333333,17.383333333333333,4.856464629969736e-05,0.00019393664927924644,0.0,0.030854727525647278,0.015504938422535338,244
114.0,Dawson Mercer,24.0,NJD,C,33.0,10.0,12.0,22.0,8.0,8.0,5.0,3.0,2.0,1.0,9.0,3.0,0.0,66.0,15.2,137.0,622:49,18:52,74.0,107.0,40.9,25.0,17.0,11.0,27.0,,,,,,,,,,,,,,,,,,,,,,37.0,18.0,14.0,0,0.5625,0.30303030303030304,0.36363636363636365,0.6666666666666666,2.0,0.09090909090909091,0.06060606060606061,622.8166666666667,18.866666666666667,4.856464629969736e-05,0.00018954663756304434,0.0,0.030854727525647278,0.015503182417848857,245
223.0,Jacob Trouba,31.0,ANA,D,34.0,5.0,10.0,15.0,14.0,6.0,5.0,0.0,0.0,1.0,9.0,0.0,1.0,63.0,7.9,135.0,753:57,22:11,0.0,0.0,,64.0,68.0,10.0,36.0,,,,,,,,,,,,,,,,,,,,,,42.0,20.0,12.0,0,0.625,0.14705882352941177,0.29411764705882354,0.4411764705882353,1.8529411764705883,0.0,0.0,753.95,22.183333333333334,7.130557288329612e-05,3.590864119177402e-05,0.0,0.030973073921205678,0.01550090041707955,246
111.0,Kevin Fiala,29.0,LAK,LW,32.0,11.0,11.0,22.0,-7.0,18.0,8.0,3.0,0.0,2.0,5.0,6.0,0.0,97.0,11.3,196.0,611:02,19:06,3.0,7.0,30.0,14.0,16.0,10.0,46.0,,,,,,,,,,,,,,,,,,,,,,37.0,14.0,9.0,0,0.6086956521739131,0.34375,0.34375,0.6875,3.03125,0.09375,0.0,611.0333333333333,19.1,4.856464629969736e-05,0.00016691958089379017,0.0,0.030854727525647278,0.015494131595181156,247
118.0,Dmitri Voronkov,25.0,CBJ,LW,33.0,12.0,10.0,22.0,1.0,42.0,7.0,5.0,0.0,0.0,10.0,0.0,0.0,63.0,19.0,109.0,532:40,16:08,4.0,16.0,20.0,10.0,52.0,6.0,31.0,,,,,,,,,,,,,,,,,,,,,,34.0,14.0,13.0,0,0.5185185185185185,0.36363636363636365,0.30303030303030304,0.6666666666666666,1.9090909090909092,0.15151515151515152,0.0,532.6666666666666,16.133333333333333,4.856464629969736e-05,0.00016636855040739877,0.0,0.030854727525647278,0.015493911182986599,248
141.0,Sean Couturier,33.0,PHI,C,31.0,5.0,14.0,19.0,3.0,14.0,5.0,0.0,0.0,1.0,14.0,0.0,0.0,45.0,11.1,86.0,554:41,17:54,278.0,239.0,53.8,23.0,31.0,13.0,27.0,,,,,,,,,,,,,,,,,,,,,,40.0,17.0,9.0,0,0.6538461538461539,0.16129032258064516,0.45161290322580644,0.6129032258064516,1.4516129032258065,0.0,0.0,554.6833333333333,17.9,7.130557288329612e-05,4.11346777133681e-06,0.0,0.030973073921205678,0.015488182347711373,249
355.0,Matt Roy,30.0,WSH,D,33.0,1.0,9.0,10.0,20.0,4.0,1.0,0.0,0.0,0.0,9.0,0.0,0.0,44.0,2.3,96.0,682:24,20:41,0.0,0.0,,70.0,38.0,4.0,32.0,,,,,,,,,,,,,,,,,,,,,,40.0,18.0,11.0,0,0.6206896551724138,0.030303030303030304,0.2727272727272727,0.30303030303030304,1.3333333333333333,0.0,0.0,682.4,20.683333333333334,7.130557288329612e-05,2.2064499175564386e-07,0.0,0.030973073921205678,0.015486625218599542,250
536.0,Trevor van Riemsdyk,34.0,WSH,D,26.0,1.0,4.0,5.0,1.0,10.0,1.0,0.0,0.0,0.0,4.0,0.0,0.0,15.0,6.7,39.0,411:01,15:49,0.0,0.0,,32.0,3.0,6.0,17.0,,,,,,,,,,,,,,,,,,,,,,40.0,18.0,11.0,0,0.6206896551724138,0.038461538461538464,0.15384615384615385,0.19230769230769232,0.5769230769230769,0.0,0.0,411.01666666666665,15.816666666666666,7.130557288329612e-05,3.244551277079513e-08,0.0,0.030973073921205678,0.015486549938807947,251
469.0,Radko Gudas,35.0,ANA,D,23.0,1.0,5.0,6.0,-3.0,9.0,1.0,0.0,0.0,0.0,5.0,0.0,0.0,32.0,3.1,79.0,369:23,16:04,0.0,0.0,,40.0,79.0,6.0,17.0,,,,,,,,,,,,,,,,,,,,,,42.0,20.0,12.0,0,0.625,0.043478260869565216,0.21739130434782608,0.2608695652173913,1.391304347826087,0.0,0.0,369.3833333333333,16.066666666666666,7.130557288329612e-05,2.9229515251184396e-08,0.0,0.030973073921205678,0.015486548652408939,252
573.0,Nick Seeler,32.0,PHI,D,32.0,0.0,4.0,4.0,-2.0,8.0,0.0,0.0,0.0,0.0,4.0,0.0,0.0,40.0,0.0,110.0,620:54,19:24,0.0,0.0,,54.0,58.0,9.0,19.0,,,,,,,,,,,,,,,,,,,,,,40.0,17.0,9.0,0,0.6538461538461539,0.0,0.125,0.125,1.25,0.0,0.0,620.9,19.4,7.130557288329612e-05,9.471577394406687e-09,0.0,0.030973073921205678,0.015486540749233797,253
402.0,Ross Johnston,31.0,ANA,LW,33.0,2.0,6.0,8.0,-1.0,50.0,2.0,0.0,0.0,0.0,6.0,0.0,0.0,19.0,10.5,38.0,309:34,9:23,2.0,3.0,40.0,11.0,97.0,4.0,16.0,,,,,,,,,,,,,,,,,,,,,,42.0,20.0,12.0,0,0.625,0.06060606060606061,0.18181818181818182,0.24242424242424243,0.5757575757575758,0.0,0.0,309.56666666666666,9.383333333333333,7.130557288329612e-05,1.4456990519497631e-09,0.0,0.030973073921205678,0.01548653753888246,254
347.0,Alex Killorn,36.0,ANA,C,34.0,2.0,8.0,10.0,0.0,14.0,2.0,0.0,0.0,0.0,7.0,1.0,0.0,58.0,3.4,102.0,537:07,15:48,25.0,43.0,36.8,16.0,31.0,12.0,27.0,,,,,,,,,,,,,,,,,,,,,,42.0,20.0,12.0,0,0.625,0.058823529411764705,0.23529411764705882,0.29411764705882354,1.7058823529411764,0.0,0.0,537.1166666666667,15.8,7.130557288329612e-05,1.3929201386168163e-09,0.0,0.030973073921205678,0.015486537517770894,255
457.0,Nic Dowd,35.0,WSH,C,25.0,2.0,4.0,6.0,1.0,25.0,2.0,0.0,0.0,0.0,4.0,0.0,0.0,30.0,6.7,49.0,378:47,15:09,161.0,167.0,49.1,15.0,40.0,7.0,14.0,,,,,,,,,,,,,,,,,,,,,,40.0,18.0,11.0,0,0.6206896551724138,0.08,0.16,0.24,1.2,0.0,0.0,378.78333333333336,15.15,7.130557288329612e-05,8.037978695150604e-10,0.0,0.030973073921205678,0.015486537282121987,256
537.0,Frank Vatrano,31.0,ANA,LW,34.0,3.0,2.0,5.0,-12.0,18.0,3.0,0.0,0.0,1.0,1.0,1.0,0.0,63.0,4.8,106.0,424:03,12:28,5.0,8.0,38.5,23.0,66.0,4.0,11.0,,,,,,,,,,,,,,,,,,,,,,42.0,20.0,12.0,0,0.625,0.08823529411764706,0.058823529411764705,0.14705882352941177,1.8529411764705883,0.0,0.0,424.05,12.466666666666667,7.130557288329612e-05,3.866817696538988e-10,0.0,0.030973073921205678,0.015486537115275548,257
614.0,Rodrigo Abols,30.0,PHI,C,27.0,1.0,1.0,2.0,-5.0,11.0,1.0,0.0,0.0,0.0,1.0,0.0,0.0,24.0,4.2,54.0,276:16,10:14,98.0,90.0,52.1,12.0,33.0,8.0,9.0,,,,,,,,,,,,,,,,,,,,,,40.0,17.0,9.0,0,0.6538461538461539,0.037037037037037035,0.037037037037037035,0.07407407407407407,0.8888888888888888,0.0,0.0,276.26666666666665,10.233333333333333,7.130557288329612e-05,1.0589438191801479e-10,0.0,0.030973073921205678,0.015486537002960592,258
149.0,Anthony Cirelli,28.0,TBL,C,29.0,9.0,9.0,18.0,15.0,8.0,7.0,2.0,0.0,2.0,8.0,0.0,1.0,55.0,16.4,100.0,528:52,18:14,212.0,232.0,47.7,17.0,18.0,10.0,20.0,,,,,,,,,,,,,,,,,,,,,,39.0,18.0,12.0,0,0.6,0.3103448275862069,0.3103448275862069,0.6206896551724138,1.896551724137931,0.06896551724137931,0.0,528.8666666666667,18.233333333333334,4.856464629969736e-05,0.00014625665400396068,0.0,0.030854727525647278,0.015485866424425223,259
99.0,Timo Meier,29.0,NJD,RW,30.0,11.0,12.0,23.0,-4.0,10.0,6.0,5.0,0.0,1.0,8.0,4.0,0.0,93.0,11.8,199.0,568:10,18:56,21.0,23.0,47.7,20.0,61.0,9.0,33.0,,,,,,,,,,,,,,,,,,,,,,37.0,18.0,14.0,0,0.5625,0.36666666666666664,0.4,0.7666666666666667,3.1,0.16666666666666666,0.0,568.1666666666666,18.933333333333334,4.856464629969736e-05,0.0001028697071487075,0.0,0.030854727525647278,0.015468511645683122,260
106.0,Rasmus Andersson,29.0,CGY,D,34.0,7.0,15.0,22.0,0.0,38.0,5.0,2.0,0.0,0.0,10.0,5.0,0.0,87.0,8.0,192.0,819:59,24:07,0.0,0.0,,66.0,17.0,10.0,52.0,,,,,,,,,,,,,,,,,,,,,,30.0,13.0,17.0,0,0.43333333333333335,0.20588235294117646,0.4411764705882353,0.6470588235294118,2.5588235294117645,0.058823529411764705,0.0,819.9833333333333,24.116666666666667,4.856464629969736e-05,0.00010270272955441472,0.0,0.030854727525647278,0.015468444854645404,261
175.0,Emil Heineman,24.0,NYI,LW,34.0,11.0,6.0,17.0,5.0,12.0,10.0,1.0,0.0,0.0,6.0,0.0,0.0,63.0,17.5,130.0,536:32,15:47,4.0,3.0,57.1,27.0,116.0,4.0,20.0,,,,,,,,,,,,,,,,,,,,,,41.0,19.0,12.0,0,0.6129032258064516,0.3235294117647059,0.17647058823529413,0.5,1.8529411764705883,0.029411764705882353,0.0,536.5333333333333,15.783333333333333,4.856464629969736e-05,8.634905780788933e-05,0.0,0.030854727525647278,0.015461903385946794,262
196.0,Oliver Kapanen,22.0,MTL,C,33.0,10.0,6.0,16.0,-3.0,10.0,8.0,1.0,1.0,1.0,6.0,0.0,0.0,52.0,19.2,90.0,465:23,14:06,128.0,143.0,47.2,27.0,14.0,6.0,13.0,,,,,,,,,,,,,,,,,,,,,,38.0,17.0,12.0,0,0.5862068965517241,0.30303030303030304,0.18181818181818182,0.48484848484848486,1.5757575757575757,0.030303030303030304,0.030303030303030304,465.3833333333333,14.1,4.856464629969736e-05,8.581558900027602e-05,0.0,0.030854727525647278,0.015461689998423749,263
151.0,Noah Dobson,26.0,MTL,D,33.0,4.0,14.0,18.0,-1.0,16.0,4.0,0.0,0.0,1.0,12.0,2.0,0.0,59.0,6.8,131.0,743:36,22:32,0.0,0.0,,80.0,13.0,13.0,42.0,,,,,,,,,,,,,,,,,,,,,,38.0,17.0,12.0,0,0.5862068965517241,0.12121212121212122,0.42424242424242425,0.5454545454545454,1.7878787878787878,0.0,0.0,743.6,22.533333333333335,4.856464629969736e-05,6.491537806189732e-05,0.0,0.030854727525647278,0.015453329914048398,264
231.0,Brandt Clarke,22.0,LAK,D,32.0,5.0,9.0,14.0,6.0,16.0,4.0,1.0,0.0,2.0,9.0,0.0,0.0,60.0,8.3,119.0,593:07,18:32,0.0,0.0,,46.0,17.0,12.0,38.0,,,,,,,,,,,,,,,,,,,,,,37.0,14.0,9.0,0,0.6086956521739131,0.15625,0.28125,0.4375,1.875,0.03125,0.0,593.1166666666667,18.533333333333335,4.856464629969736e-05,6.2525323453481e-05,0.0,0.030854727525647278,0.01545237389220503,265
116.0,Elias Pettersson,27.0,VAN,C,28.0,8.0,14.0,22.0,-8.0,10.0,5.0,2.0,1.0,0.0,8.0,6.0,0.0,54.0,14.8,122.0,577:27,20:37,298.0,326.0,47.8,51.0,28.0,15.0,28.0,,,,,,,,,,,,,,,,,,,,,,29.0,13.0,17.0,0,0.43333333333333335,0.2857142857142857,0.5,0.7857142857142857,1.9285714285714286,0.07142857142857142,0.03571428571428571,577.45,20.616666666666667,4.856464629969736e-05,5.5985809603016565e-05,0.0,0.030854727525647278,0.015449758086664845,266
79.0,Ivan Demidov,20.0,MTL,RW,33.0,7.0,18.0,25.0,-3.0,18.0,5.0,2.0,0.0,2.0,11.0,7.0,0.0,41.0,17.1,97.0,489:58,14:51,0.0,0.0,,13.0,12.0,10.0,28.0,,,,,,,,,,,,,,,,,,,,,,38.0,17.0,12.0,0,0.5862068965517241,0.21212121212121213,0.5454545454545454,0.7575757575757576,1.2424242424242424,0.06060606060606061,0.0,489.96666666666664,14.85,4.856464629969736e-05,5.244381505912861e-05,0.0,0.030854727525647278,0.01544834128884729,267
105.0,Pavel Zacha,28.0,BOS,C,33.0,8.0,15.0,23.0,-3.0,22.0,5.0,3.0,0.0,1.0,7.0,8.0,0.0,53.0,15.1,94.0,577:18,17:30,201.0,180.0,52.8,13.0,30.0,11.0,23.0,,,,,,,,,,,,,,,,,,,,,,40.0,20.0,14.0,0,0.5882352941176471,0.24242424242424243,0.45454545454545453,0.696969696969697,1.606060606060606,0.09090909090909091,0.0,577.3,17.5,4.856464629969736e-05,4.936896195029657e-05,0.0,0.030854727525647278,0.015447111347603758,268
290.0,Denton Mateychuk,21.0,CBJ,D,32.0,6.0,6.0,12.0,-2.0,2.0,5.0,1.0,0.0,0.0,6.0,0.0,0.0,36.0,16.7,84.0,636:53,19:54,0.0,0.0,,52.0,17.0,9.0,30.0,,,,,,,,,,,,,,,,,,,,,,34.0,14.0,13.0,0,0.5185185185185185,0.1875,0.1875,0.375,1.125,0.03125,0.0,636.8833333333333,19.9,4.856464629969736e-05,4.8834410779117576e-05,0.0,0.030854727525647278,0.015446897527135286,269
271.0,Axel Sandin Pellikka,20.0,DET,D,34.0,4.0,9.0,13.0,-10.0,10.0,4.0,0.0,0.0,0.0,5.0,4.0,0.0,36.0,11.1,121.0,626:00,18:25,0.0,0.0,,33.0,10.0,3.0,31.0,,,,,,,,,,,,,,,,,,,,,,41.0,19.0,12.0,0,0.6129032258064516,0.11764705882352941,0.2647058823529412,0.38235294117647056,1.0588235294117647,0.0,0.0,626.0,18.416666666666668,4.856464629969736e-05,4.116839276796956e-05,0.0,0.030854727525647278,0.015443831119930827,270
210.0,Zeev Buium,20.0,2TM,D,33.0,4.0,12.0,16.0,-8.0,10.0,1.0,3.0,0.0,1.0,5.0,7.0,0.0,34.0,11.8,91.0,614:37,18:37,0.0,0.0,,16.0,11.0,5.0,34.0,,,,,,,,,,,,,,,,,,,,,,0.0,0.0,0.0,0,,0.12121212121212122,0.36363636363636365,0.48484848484848486,1.0303030303030303,0.09090909090909091,0.0,614.6166666666667,18.616666666666667,4.856464629969736e-05,3.742197972499283e-05,0.0,0.030854727525647278,0.015442332554713636,271
108.0,William Eklund,23.0,SJS,LW,30.0,8.0,14.0,22.0,-11.0,14.0,5.0,3.0,0.0,0.0,7.0,7.0,0.0,68.0,11.8,139.0,590:01,19:40,0.0,7.0,0.0,23.0,23.0,7.0,33.0,,,,,,,,,,,,,,,,,,,,,,37.0,17.0,14.0,0,0.5483870967741935,0.26666666666666666,0.4666666666666667,0.7333333333333333,2.2666666666666666,0.1,0.0,590.0166666666667,19.666666666666668,4.856464629969736e-05,3.380216255597771e-05,0.0,0.030854727525647278,0.01544088462784603,272
256.0,Bowen Byram,24.0,BUF,D,32.0,6.0,7.0,13.0,-10.0,12.0,5.0,1.0,0.0,2.0,5.0,2.0,0.0,43.0,14.0,89.0,686:24,21:27,0.0,0.0,,40.0,18.0,8.0,35.0,,,,,,,,,,,,,,,,,,,,,,32.0,14.0,14.0,0,0.5,0.1875,0.21875,0.40625,1.34375,0.03125,0.0,686.4,21.45,4.856464629969736e-05,3.3343735645469334e-05,0.0,0.030854727525647278,0.015440701257081826,273
142.0,Vince Dunn,29.0,SEA,D,31.0,5.0,14.0,19.0,-12.0,28.0,4.0,1.0,0.0,1.0,5.0,9.0,0.0,76.0,6.6,161.0,708:58,22:52,0.0,0.0,,32.0,9.0,11.0,42.0,,,,,,,,,,,,,,,,,,,,,,30.0,12.0,13.0,0,0.48,0.16129032258064516,0.45161290322580644,0.6129032258064516,2.4516129032258065,0.03225806451612903,0.0,708.9666666666667,22.866666666666667,4.856464629969736e-05,3.0707274948558295e-05,0.0,0.030854727525647278,0.015439646672803063,274
302.0,Logan Stanley,27.0,WPG,D,32.0,6.0,6.0,12.0,2.0,55.0,6.0,0.0,0.0,1.0,6.0,0.0,0.0,35.0,17.1,99.0,525:07,16:25,0.0,0.0,,40.0,54.0,8.0,24.0,,,,,,,,,,,,,,,,,,,,,,32.0,15.0,15.0,0,0.5,0.1875,0.1875,0.375,1.09375,0.0,0.0,525.1166666666667,16.416666666666668,4.856464629969736e-05,2.7194393906783298e-05,0.0,0.030854727525647278,0.015438241520386352,275
94.0,Josh Doan,23.0,BUF,RW,32.0,10.0,13.0,23.0,-6.0,12.0,6.0,4.0,0.0,1.0,8.0,5.0,0.0,82.0,12.2,136.0,503:24,15:44,4.0,4.0,50.0,8.0,29.0,24.0,28.0,,,,,,,,,,,,,,,,,,,,,,32.0,14.0,14.0,0,0.5,0.3125,0.40625,0.71875,2.5625,0.125,0.0,503.4,15.733333333333333,4.856464629969736e-05,2.593559502520865e-05,0.0,0.030854727525647278,0.015437738000833721,276
117.0,Mikhail Sergachev,27.0,UTA,D,35.0,4.0,18.0,22.0,-9.0,22.0,2.0,2.0,0.0,0.0,9.0,8.0,1.0,77.0,5.2,166.0,857:01,24:29,0.0,0.0,,55.0,15.0,15.0,54.0,,,,,,,,,,,,,,,,,,,,,,35.0,16.0,16.0,0,0.5,0.11428571428571428,0.5142857142857142,0.6285714285714286,2.2,0.05714285714285714,0.0,857.0166666666667,24.483333333333334,4.856464629969736e-05,2.2657963686104125e-05,0.0,0.030854727525647278,0.01543642694829808,277
202.0,Brandon Montour,31.0,SEA,D,27.0,6.0,10.0,16.0,-4.0,21.0,5.0,1.0,0.0,1.0,7.0,3.0,0.0,68.0,8.8,164.0,592:03,21:56,0.0,0.0,,35.0,34.0,14.0,37.0,,,,,,,,,,,,,,,,,,,,,,30.0,12.0,13.0,0,0.48,0.2222222222222222,0.37037037037037035,0.5925925925925926,2.5185185185185186,0.037037037037037035,0.0,592.05,21.933333333333334,3.8812162893570486e-05,8.556836638950102e-05,0.0,0.030803974481147738,0.01543621458712967,278
154.0,Luke Hughes,22.0,NJD,D,33.0,3.0,15.0,18.0,-1.0,22.0,3.0,0.0,0.0,0.0,11.0,4.0,0.0,77.0,3.9,200.0,769:11,23:19,0.0,0.0,,26.0,10.0,13.0,52.0,,,,,,,,,,,,,,,,,,,,,,37.0,18.0,14.0,0,0.5625,0.09090909090909091,0.45454545454545453,0.5454545454545454,2.3333333333333335,0.0,0.0,769.1833333333333,23.316666666666666,4.856464629969736e-05,1.894479944787225e-05,0.0,0.030854727525647278,0.015434941682602787,279
299.0,Mattias Samuelsson,25.0,BUF,D,30.0,5.0,7.0,12.0,9.0,6.0,5.0,0.0,0.0,2.0,7.0,0.0,0.0,43.0,11.6,84.0,668:06,22:16,0.0,0.0,,65.0,39.0,4.0,20.0,,,,,,,,,,,,,,,,,,,,,,32.0,14.0,14.0,0,0.5,0.16666666666666666,0.23333333333333334,0.4,1.4333333333333333,0.0,0.0,668.1,22.266666666666666,4.856464629969736e-05,1.5729805111585996e-05,0.0,0.030854727525647278,0.015433655684868272,280
228.0,Nick Blankenburg,27.0,NSH,D,22.0,4.0,10.0,14.0,-6.0,6.0,1.0,3.0,0.0,0.0,7.0,3.0,0.0,34.0,11.8,88.0,410:28,18:39,0.0,2.0,0.0,21.0,17.0,7.0,20.0,,,,,,,,,,,,,,,,,,,,,,30.0,13.0,15.0,0,0.4642857142857143,0.18181818181818182,0.45454545454545453,0.6363636363636364,1.5454545454545454,0.13636363636363635,0.0,410.46666666666664,18.65,4.856464629969736e-05,1.3822262973928023e-05,0.0,0.030854727525647278,0.01543289266801321,281
339.0,Simon Edvinsson,22.0,DET,D,31.0,4.0,6.0,10.0,5.0,46.0,4.0,0.0,0.0,1.0,6.0,0.0,0.0,39.0,10.3,94.0,679:20,21:55,0.0,0.0,,64.0,39.0,10.0,39.0,,,,,,,,,,,,,,,,,,,,,,41.0,19.0,12.0,0,0.6129032258064516,0.12903225806451613,0.1935483870967742,0.3225806451612903,1.2580645161290323,0.0,0.0,679.3333333333334,21.916666666666668,4.856464629969736e-05,1.3529096490836914e-05,0.0,0.030854727525647278,0.015432775401419973,282
103.0,Robert Thomas,26.0,STL,C,30.0,7.0,16.0,23.0,-2.0,8.0,4.0,3.0,0.0,0.0,12.0,4.0,0.0,42.0,16.7,83.0,566:53,18:54,270.0,240.0,52.9,19.0,5.0,14.0,50.0,,,,,,,,,,,,,,,,,,,,,,31.0,12.0,15.0,0,0.4444444444444444,0.23333333333333334,0.5333333333333333,0.7666666666666667,1.4,0.1,0.0,566.8833333333333,18.9,4.856464629969736e-05,1.3177372400600895e-05,0.0,0.030854727525647278,0.015432634711783879,283
81.0,Erik Karlsson,35.0,PIT,D,32.0,3.0,22.0,25.0,1.0,12.0,1.0,2.0,0.0,0.0,14.0,8.0,0.0,73.0,4.1,187.0,774:30,24:12,0.0,0.0,,34.0,4.0,16.0,50.0,,,,,,,,,,,,,,,,,,,,,,37.0,14.0,9.0,0,0.6086956521739131,0.09375,0.6875,0.78125,2.28125,0.0625,0.0,774.5,24.2,3.8812162893570486e-05,7.358796769626611e-05,0.0,0.030803974481147738,0.015431422427652376,284
240.0,Benjamin Kindel,18.0,PIT,C,29.0,8.0,6.0,14.0,-8.0,8.0,4.0,4.0,0.0,0.0,3.0,3.0,0.0,69.0,11.6,118.0,460:49,15:53,91.0,108.0,45.7,32.0,13.0,6.0,31.0,,,,,,,,,,,,,,,,,,,,,,37.0,14.0,9.0,0,0.6086956521739131,0.27586206896551724,0.20689655172413793,0.4827586206896552,2.3793103448275863,0.13793103448275862,0.0,460.81666666666666,15.883333333333333,4.856464629969736e-05,8.678615688251962e-06,0.0,0.030854727525647278,0.01543083520909894,285
252.0,Matthew Wood,20.0,NSH,RW,25.0,8.0,6.0,14.0,0.0,2.0,6.0,2.0,0.0,0.0,3.0,3.0,0.0,45.0,17.8,82.0,323:28,12:56,3.0,11.0,21.4,10.0,18.0,1.0,12.0,,,,,,,,,,,,,,,,,,,,,,30.0,13.0,15.0,0,0.4642857142857143,0.32,0.24,0.56,1.8,0.08,0.0,323.46666666666664,12.933333333333334,4.856464629969736e-05,8.48580514229195e-06,0.0,0.030854727525647278,0.015430758084880555,286
113.0,Anthony Mantha,31.0,PIT,RW,32.0,10.0,12.0,22.0,10.0,13.0,7.0,3.0,0.0,0.0,9.0,3.0,0.0,60.0,16.7,117.0,493:28,15:25,1.0,9.0,10.0,20.0,10.0,6.0,34.0,,,,,,,,,,,,,,,,,,,,,,37.0,14.0,9.0,0,0.6086956521739131,0.3125,0.375,0.6875,1.875,0.09375,0.0,493.46666666666664,15.416666666666666,3.8812162893570486e-05,6.863396726243947e-05,0.0,0.030803974481147738,0.015429440827478845,287
203.0,Vasily Podkolzin,24.0,EDM,RW,34.0,9.0,7.0,16.0,13.0,11.0,9.0,0.0,0.0,4.0,7.0,0.0,0.0,55.0,16.4,88.0,521:49,15:21,8.0,21.0,27.6,22.0,102.0,5.0,22.0,,,,,,,,,,,,,,,,,,,,,,38.0,16.0,12.0,0,0.5714285714285714,0.2647058823529412,0.20588235294117646,0.47058823529411764,1.6176470588235294,0.0,0.0,521.8166666666667,15.35,4.856464629969736e-05,5.041731072239926e-06,0.0,0.030854727525647278,0.015429380455252535,288
164.0,Brayden Point,29.0,TBL,C,26.0,5.0,13.0,18.0,-7.0,8.0,4.0,1.0,0.0,0.0,10.0,3.0,0.0,57.0,8.8,98.0,486:10,18:42,131.0,157.0,45.5,9.0,4.0,3.0,19.0,,,,,,,,,,,,,,,,,,,,,,39.0,18.0,12.0,0,0.6,0.19230769230769232,0.5,0.6923076923076923,2.1923076923076925,0.038461538461538464,0.0,486.1666666666667,18.7,4.856464629969736e-05,4.9072908156991e-06,0.0,0.030854727525647278,0.015429326679149919,289
198.0,Jordan Kyrou,27.0,STL,C,28.0,8.0,8.0,16.0,-9.0,0.0,7.0,1.0,0.0,0.0,5.0,3.0,0.0,69.0,11.6,151.0,453:47,16:12,0.0,1.0,0.0,12.0,6.0,9.0,13.0,,,,,,,,,,,,,,,,,,,,,,31.0,12.0,15.0,0,0.4444444444444444,0.2857142857142857,0.2857142857142857,0.5714285714285714,2.4642857142857144,0.03571428571428571,0.0,453.78333333333336,16.2,4.856464629969736e-05,4.565234757491403e-06,0.0,0.030854727525647278,0.015429189856726635,290
244.0,Bobby McMann,29.0,TOR,F,31.0,8.0,6.0,14.0,1.0,30.0,7.0,1.0,0.0,2.0,5.0,1.0,0.0,54.0,14.8,106.0,444:46,14:21,3.0,2.0,60.0,13.0,72.0,3.0,9.0,,,,,,,,,,,,,,,,,,,,,,35.0,15.0,12.0,0,0.5555555555555556,0.25806451612903225,0.1935483870967742,0.45161290322580644,1.7419354838709677,0.03225806451612903,0.0,444.76666666666665,14.35,4.856464629969736e-05,4.072517534329734e-06,0.0,0.030854727525647278,0.01542899276983737,291
321.0,J.J. Moser,25.0,TBL,D,31.0,3.0,8.0,11.0,20.0,12.0,3.0,0.0,0.0,0.0,7.0,0.0,1.0,43.0,7.0,104.0,671:35,21:40,0.0,0.0,,37.0,22.0,14.0,36.0,,,,,,,,,,,,,,,,,,,,,,39.0,18.0,12.0,0,0.6,0.0967741935483871,0.25806451612903225,0.3548387096774194,1.3870967741935485,0.0,0.0,671.5833333333334,21.666666666666668,4.856464629969736e-05,3.7720789900191485e-06,0.0,0.030854727525647278,0.015428872594419647,292
266.0,Mason Lohrei,25.0,BOS,D,29.0,2.0,11.0,13.0,3.0,6.0,1.0,1.0,0.0,0.0,8.0,3.0,0.0,21.0,9.5,77.0,492:04,16:58,0.0,0.0,,41.0,14.0,7.0,37.0,,,,,,,,,,,,,,,,,,,,,,40.0,20.0,14.0,0,0.5882352941176471,0.06896551724137931,0.3793103448275862,0.4482758620689655,0.7241379310344828,0.034482758620689655,0.0,492.06666666666666,16.966666666666665,4.856464629969736e-05,3.6750875811931277e-06,0.0,0.030854727525647278,0.015428833797856116,293
370.0,Charle-Edouard D'Astous,27.0,TBL,D,26.0,3.0,6.0,9.0,-4.0,29.0,3.0,0.0,0.0,2.0,5.0,1.0,0.0,32.0,9.4,73.0,495:45,19:04,0.0,0.0,,24.0,26.0,10.0,16.0,,,,,,,,,,,,,,,,,,,,,,39.0,18.0,12.0,0,0.6,0.11538461538461539,0.23076923076923078,0.34615384615384615,1.2307692307692308,0.0,0.0,495.75,19.066666666666666,4.856464629969736e-05,3.3160328581122476e-06,0.0,0.030854727525647278,0.015428690175966884,294
273.0,Ryan Shea,28.0,PIT,D,32.0,2.0,11.0,13.0,10.0,16.0,2.0,0.0,0.0,0.0,11.0,0.0,0.0,30.0,6.7,75.0,632:15,19:45,0.0,0.0,,41.0,15.0,9.0,28.0,,,,,,,,,,,,,,,,,,,,,,37.0,14.0,9.0,0,0.6086956521739131,0.0625,0.34375,0.40625,0.9375,0.0,0.0,632.25,19.75,4.856464629969736e-05,3.070951999434708e-06,0.0,0.030854727525647278,0.015428592143623413,295
193.0,Collin Graf,23.0,SJS,F,33.0,6.0,10.0,16.0,1.0,2.0,5.0,0.0,1.0,1.0,9.0,0.0,1.0,34.0,17.6,73.0,523:26,15:52,3.0,5.0,37.5,28.0,34.0,11.0,17.0,,,,,,,,,,,,,,,,,,,,,,37.0,17.0,14.0,0,0.5483870967741935,0.18181818181818182,0.30303030303030304,0.48484848484848486,1.0303030303030303,0.0,0.030303030303030304,523.4333333333333,15.866666666666667,4.856464629969736e-05,3.014859676296783e-06,0.0,0.030854727525647278,0.015428569706694158,296
179.0,John Marino,28.0,UTA,D,35.0,2.0,15.0,17.0,15.0,8.0,1.0,0.0,1.0,0.0,15.0,0.0,0.0,31.0,6.5,87.0,716:20,20:28,0.0,0.0,,33.0,10.0,8.0,47.0,,,,,,,,,,,,,,,,,,,,,,35.0,16.0,16.0,0,0.5,0.05714285714285714,0.42857142857142855,0.4857142857142857,0.8857142857142857,0.0,0.02857142857142857,716.3333333333334,20.466666666666665,4.856464629969736e-05,2.8125223948443316e-06,0.0,0.030854727525647278,0.015428488771781577,297
214.0,Emmitt Finnie,20.0,DET,C,34.0,7.0,8.0,15.0,4.0,4.0,5.0,2.0,0.0,1.0,5.0,3.0,0.0,61.0,11.5,94.0,563:43,16:35,9.0,18.0,33.3,23.0,59.0,13.0,36.0,,,,,,,,,,,,,,,,,,,,,,41.0,19.0,12.0,0,0.6129032258064516,0.20588235294117646,0.23529411764705882,0.4411764705882353,1.7941176470588236,0.058823529411764705,0.0,563.7166666666667,16.583333333333332,4.856464629969736e-05,2.7115434796654097e-06,0.0,0.030854727525647278,0.015428448380215506,298
150.0,William Cuylle,23.0,NYR,LW,35.0,9.0,9.0,18.0,-11.0,20.0,6.0,3.0,0.0,1.0,7.0,2.0,0.0,73.0,12.3,152.0,604:43,17:17,19.0,17.0,52.8,34.0,121.0,6.0,18.0,,,,,,,,,,,,,,,,,,,,,,36.0,16.0,15.0,0,0.5161290322580645,0.2571428571428571,0.2571428571428571,0.5142857142857142,2.085714285714286,0.08571428571428572,0.0,604.7166666666667,17.283333333333335,4.856464629969736e-05,2.051018099652689e-06,0.0,0.030854727525647278,0.015428184170063499,299
183.0,Thomas Novak,28.0,PIT,C,32.0,6.0,11.0,17.0,-1.0,6.0,4.0,2.0,0.0,1.0,9.0,2.0,0.0,47.0,12.8,91.0,426:21,13:19,26.0,45.0,36.6,13.0,7.0,10.0,18.0,,,,,,,,,,,,,,,,,,,,,,37.0,14.0,9.0,0,0.6086956521739131,0.1875,0.34375,0.53125,1.46875,0.0625,0.0,426.35,13.316666666666666,4.856464629969736e-05,1.8164081369809876e-06,0.0,0.030854727525647278,0.015428090326078432,300
143.0,Conor Garland,29.0,VAN,RW,27.0,7.0,12.0,19.0,-4.0,13.0,5.0,1.0,1.0,1.0,5.0,7.0,0.0,68.0,10.3,129.0,554:56,20:33,5.0,14.0,26.3,11.0,16.0,12.0,34.0,,,,,,,,,,,,,,,,,,,,,,29.0,13.0,17.0,0,0.43333333333333335,0.25925925925925924,0.4444444444444444,0.7037037037037037,2.5185185185185186,0.037037037037037035,0.037037037037037035,554.9333333333333,20.55,4.856464629969736e-05,1.4773007216624306e-06,0.0,0.030854727525647278,0.015427954683112304,301
297.0,Ivan Provorov,29.0,CBJ,D,33.0,4.0,8.0,12.0,4.0,12.0,4.0,0.0,0.0,0.0,6.0,2.0,0.0,66.0,6.1,142.0,850:01,25:45,0.0,0.0,,56.0,18.0,11.0,55.0,,,,,,,,,,,,,,,,,,,,,,34.0,14.0,13.0,0,0.5185185185185185,0.12121212121212122,0.24242424242424243,0.36363636363636365,2.0,0.0,0.0,850.0166666666667,25.75,4.856464629969736e-05,1.4723851060930636e-06,0.0,0.030854727525647278,0.015427952716866077,302
398.0,Cody Glass,26.0,NJD,C,22.0,6.0,2.0,8.0,3.0,10.0,5.0,1.0,0.0,1.0,2.0,0.0,0.0,40.0,15.0,61.0,286:05,13:00,135.0,112.0,54.7,9.0,11.0,1.0,14.0,,,,,,,,,,,,,,,,,,,,,,37.0,18.0,14.0,0,0.5625,0.2727272727272727,0.09090909090909091,0.36363636363636365,1.8181818181818181,0.045454545454545456,0.0,286.0833333333333,13.0,4.856464629969736e-05,1.3720639905659031e-06,0.0,0.030854727525647278,0.015427912588419865,303
176.0,Dylan Holloway,24.0,STL,C,33.0,8.0,9.0,17.0,-11.0,11.0,7.0,1.0,0.0,1.0,7.0,2.0,0.0,76.0,10.5,147.0,589:43,17:52,11.0,10.0,52.4,26.0,91.0,4.0,20.0,,,,,,,,,,,,,,,,,,,,,,31.0,12.0,15.0,0,0.4444444444444444,0.24242424242424243,0.2727272727272727,0.5151515151515151,2.303030303030303,0.030303030303030304,0.0,589.7166666666667,17.866666666666667,4.856464629969736e-05,1.2672309041609837e-06,0.0,0.030854727525647278,0.015427870655185303,304
216.0,Philipp Kurashev,26.0,SJS,C,31.0,6.0,9.0,15.0,0.0,8.0,6.0,0.0,0.0,1.0,8.0,1.0,0.0,49.0,12.2,92.0,496:54,16:02,24.0,27.0,47.1,8.0,30.0,5.0,27.0,,,,,,,,,,,,,,,,,,,,,,37.0,17.0,14.0,0,0.5483870967741935,0.1935483870967742,0.2903225806451613,0.4838709677419355,1.5806451612903225,0.0,0.0,496.9,16.033333333333335,4.856464629969736e-05,1.193508864996098e-06,0.0,0.030854727525647278,0.015427841166369638,305
279.0,Louis Crevier,24.0,CHI,D,32.0,3.0,9.0,12.0,3.0,35.0,2.0,0.0,1.0,1.0,8.0,0.0,1.0,45.0,6.7,81.0,466:45,14:35,0.0,0.0,,22.0,45.0,5.0,25.0,,,,,,,,,,,,,,,,,,,,,,32.0,13.0,14.0,0,0.48148148148148145,0.09375,0.28125,0.375,1.40625,0.0,0.03125,466.75,14.583333333333334,4.856464629969736e-05,1.1695433773063927e-06,0.0,0.030854727525647278,0.01542783158017456,306
229.0,Zachary Bolduc,22.0,MTL,C,33.0,7.0,7.0,14.0,-6.0,14.0,4.0,3.0,0.0,0.0,5.0,2.0,0.0,51.0,13.7,100.0,458:38,13:54,13.0,12.0,52.0,15.0,58.0,6.0,27.0,,,,,,,,,,,,,,,,,,,,,,38.0,17.0,12.0,0,0.5862068965517241,0.21212121212121213,0.21212121212121213,0.42424242424242425,1.5454545454545454,0.09090909090909091,0.0,458.6333333333333,13.9,4.856464629969736e-05,1.1558325404280503e-06,0.0,0.030854727525647278,0.01542782609583981,307
217.0,Charlie McAvoy,28.0,BOS,D,22.0,0.0,15.0,15.0,1.0,28.0,0.0,0.0,0.0,0.0,9.0,6.0,0.0,30.0,0.0,92.0,525:06,23:52,0.0,0.0,,38.0,28.0,12.0,24.0,,,,,,,,,,,,,,,,,,,,,,40.0,20.0,14.0,0,0.5882352941176471,0.0,0.6818181818181818,0.6818181818181818,1.3636363636363635,0.0,0.0,525.1,23.866666666666667,4.856464629969736e-05,1.0856222379162278e-06,0.0,0.030854727525647278,0.015427798011718806,308
169.0,Brock Boeser,28.0,VAN,RW,31.0,9.0,8.0,17.0,-12.0,2.0,8.0,1.0,0.0,2.0,4.0,4.0,0.0,72.0,12.5,142.0,591:56,19:06,29.0,43.0,40.3,11.0,17.0,6.0,18.0,,,,,,,,,,,,,,,,,,,,,,29.0,13.0,17.0,0,0.43333333333333335,0.2903225806451613,0.25806451612903225,0.5483870967741935,2.3225806451612905,0.03225806451612903,0.0,591.9333333333333,19.1,4.856464629969736e-05,1.081971943634273e-06,0.0,0.030854727525647278,0.015427796551601092,309
153.0,Morgan Frost,26.0,CGY,C,34.0,8.0,10.0,18.0,-6.0,16.0,6.0,2.0,0.0,2.0,6.0,4.0,0.0,58.0,13.8,103.0,545:53,16:03,255.0,203.0,55.7,19.0,20.0,7.0,18.0,,,,,,,,,,,,,,,,,,,,,,30.0,13.0,17.0,0,0.43333333333333335,0.23529411764705882,0.29411764705882354,0.5294117647058824,1.7058823529411764,0.058823529411764705,0.0,545.8833333333333,16.05,4.856464629969736e-05,1.066955858716101e-06,0.0,0.030854727525647278,0.015427790545167125,310
224.0,Michael Amadio,29.0,OTT,C,32.0,7.0,7.0,14.0,2.0,10.0,7.0,0.0,0.0,1.0,7.0,0.0,0.0,46.0,15.2,86.0,499:43,15:37,3.0,6.0,33.3,22.0,49.0,13.0,25.0,,,,,,,,,,,,,,,,,,,,,,34.0,15.0,13.0,0,0.5357142857142857,0.21875,0.21875,0.4375,1.4375,0.0,0.0,499.71666666666664,15.616666666666667,4.856464629969736e-05,1.0561790267474074e-06,0.0,0.030854727525647278,0.015427786234434337,311
132.0,Frank Nazar,22.0,CHI,C,31.0,5.0,15.0,20.0,-6.0,18.0,3.0,1.0,1.0,1.0,10.0,5.0,0.0,64.0,7.8,126.0,583:51,18:50,174.0,228.0,43.3,24.0,20.0,10.0,34.0,,,,,,,,,,,,,,,,,,,,,,32.0,13.0,14.0,0,0.48148148148148145,0.16129032258064516,0.4838709677419355,0.6451612903225806,2.064516129032258,0.03225806451612903,0.03225806451612903,583.85,18.833333333333332,4.856464629969736e-05,1.0184396899491037e-06,0.0,0.030854727525647278,0.015427771138699618,312
139.0,Quinton Byfield,23.0,LAK,C,31.0,4.0,15.0,19.0,1.0,12.0,3.0,1.0,0.0,2.0,10.0,4.0,1.0,68.0,5.9,127.0,620:12,20:00,176.0,255.0,40.8,13.0,20.0,14.0,26.0,,,,,,,,,,,,,,,,,,,,,,37.0,14.0,9.0,0,0.6086956521739131,0.12903225806451613,0.4838709677419355,0.6129032258064516,2.193548387096774,0.03225806451612903,0.0,620.2,20.0,4.856464629969736e-05,9.924989790375026e-07,0.0,0.030854727525647278,0.015427760762415255,313
363.0,Parker Wotherspoon,28.0,PIT,D,32.0,2.0,8.0,10.0,4.0,28.0,2.0,0.0,0.0,1.0,7.0,0.0,1.0,29.0,6.9,67.0,669:01,20:54,0.0,0.0,,47.0,65.0,16.0,52.0,,,,,,,,,,,,,,,,,,,,,,37.0,14.0,9.0,0,0.6086956521739131,0.0625,0.25,0.3125,0.90625,0.0,0.0,669.0166666666667,20.9,4.856464629969736e-05,9.408393458025852e-07,0.0,0.030854727525647278,0.01542774009856196,314
140.0,Matthew Coronato,23.0,CGY,RW,33.0,10.0,9.0,19.0,-18.0,14.0,5.0,5.0,0.0,1.0,7.0,2.0,0.0,93.0,10.8,171.0,553:40,16:47,28.0,53.0,34.6,11.0,5.0,8.0,23.0,,,,,,,,,,,,,,,,,,,,,,30.0,13.0,17.0,0,0.43333333333333335,0.30303030303030304,0.2727272727272727,0.5757575757575758,2.8181818181818183,0.15151515151515152,0.0,553.6666666666666,16.783333333333335,4.856464629969736e-05,8.247465946390129e-07,0.0,0.030854727525647278,0.015427693661461494,315
241.0,Alex Laferriere,24.0,LAK,RW,32.0,7.0,7.0,14.0,2.0,6.0,5.0,0.0,2.0,1.0,7.0,0.0,0.0,66.0,10.6,148.0,533:06,16:40,55.0,70.0,44.0,17.0,85.0,6.0,33.0,,,,,,,,,,,,,,,,,,,,,,37.0,14.0,9.0,0,0.6086956521739131,0.21875,0.21875,0.4375,2.0625,0.0,0.0625,533.1,16.666666666666668,4.856464629969736e-05,7.85404372584577e-07,0.0,0.030854727525647278,0.015427677924572673,316
314.0,Adam Gaudette,29.0,SJS,C,29.0,7.0,4.0,11.0,-7.0,14.0,6.0,1.0,0.0,2.0,3.0,1.0,0.0,41.0,17.1,83.0,348:23,12:01,52.0,62.0,45.6,8.0,29.0,8.0,7.0,,,,,,,,,,,,,,,,,,,,,,37.0,17.0,14.0,0,0.5483870967741935,0.2413793103448276,0.13793103448275862,0.3793103448275862,1.4137931034482758,0.034482758620689655,0.0,348.3833333333333,12.016666666666667,4.856464629969736e-05,7.124461771856273e-07,0.0,0.030854727525647278,0.015427648741294512,317
242.0,Artyom Levshunov,20.0,CHI,D,31.0,1.0,13.0,14.0,-5.0,20.0,1.0,0.0,0.0,0.0,5.0,8.0,0.0,38.0,2.6,81.0,533:01,17:12,0.0,0.0,,32.0,30.0,6.0,40.0,,,,,,,,,,,,,,,,,,,,,,32.0,13.0,14.0,0,0.48148148148148145,0.03225806451612903,0.41935483870967744,0.45161290322580644,1.2258064516129032,0.0,0.0,533.0166666666667,17.2,4.856464629969736e-05,7.014895956658618e-07,0.0,0.030854727525647278,0.015427644358661905,318
177.0,Filip Hronek,28.0,VAN,D,33.0,2.0,15.0,17.0,4.0,10.0,1.0,1.0,0.0,0.0,10.0,4.0,1.0,45.0,4.4,113.0,804:39,24:23,0.0,0.0,,46.0,61.0,12.0,35.0,,,,,,,,,,,,,,,,,,,,,,29.0,13.0,17.0,0,0.43333333333333335,0.06060606060606061,0.45454545454545453,0.5151515151515151,1.3636363636363635,0.030303030303030304,0.0,804.65,24.383333333333333,4.856464629969736e-05,6.925654955642182e-07,0.0,0.030854727525647278,0.015427640789021865,319
236.0,Gustav Forsling,29.0,FLA,D,32.0,1.0,13.0,14.0,1.0,12.0,1.0,0.0,0.0,0.0,13.0,0.0,0.0,39.0,2.6,95.0,703:06,21:58,0.0,0.0,,37.0,26.0,12.0,18.0,,,,,,,,,,,,,,,,,,,,,,36.0,17.0,13.0,0,0.5666666666666667,0.03125,0.40625,0.4375,1.21875,0.0,0.0,703.1,21.966666666666665,4.856464629969736e-05,6.83640724881858e-07,0.0,0.030854727525647278,0.015427637219113591,320
155.0,Alexis Lafrenière,24.0,NYR,LW,35.0,7.0,11.0,18.0,-7.0,6.0,6.0,1.0,0.0,1.0,10.0,1.0,0.0,67.0,10.4,130.0,602:20,17:13,3.0,15.0,16.7,19.0,58.0,10.0,21.0,,,,,,,,,,,,,,,,,,,,,,36.0,16.0,15.0,0,0.5161290322580645,0.2,0.3142857142857143,0.5142857142857142,1.9142857142857144,0.02857142857142857,0.0,602.3333333333334,17.216666666666665,4.856464629969736e-05,6.590595155031011e-07,0.0,0.030854727525647278,0.01542762738662984,321
291.0,Fraser Minten,21.0,BOS,C,34.0,6.0,6.0,12.0,6.0,12.0,6.0,0.0,0.0,1.0,5.0,0.0,1.0,44.0,13.6,89.0,490:32,14:26,154.0,155.0,49.8,24.0,68.0,10.0,13.0,,,,,,,,,,,,,,,,,,,,,,40.0,20.0,14.0,0,0.5882352941176471,0.17647058823529413,0.17647058823529413,0.35294117647058826,1.2941176470588236,0.0,0.0,490.53333333333336,14.433333333333334,4.856464629969736e-05,6.208523566397013e-07,0.0,0.030854727525647278,0.015427612103766294,322
194.0,Arseny Gritsyuk,24.0,NJD,RW,31.0,7.0,9.0,16.0,-3.0,12.0,5.0,2.0,0.0,0.0,8.0,1.0,0.0,72.0,9.7,130.0,467:58,15:06,4.0,4.0,50.0,9.0,31.0,11.0,21.0,,,,,,,,,,,,,,,,,,,,,,37.0,18.0,14.0,0,0.5625,0.22580645161290322,0.2903225806451613,0.5161290322580645,2.3225806451612905,0.06451612903225806,0.0,467.96666666666664,15.1,4.856464629969736e-05,5.258156150622901e-07,0.0,0.030854727525647278,0.015427574089069664,323
180.0,Ryan McLeod,26.0,BUF,C,32.0,5.0,12.0,17.0,-1.0,2.0,3.0,0.0,2.0,1.0,9.0,3.0,0.0,39.0,12.8,83.0,578:37,18:05,231.0,285.0,44.8,13.0,8.0,10.0,31.0,,,,,,,,,,,,,,,,,,,,,,32.0,14.0,14.0,0,0.5,0.15625,0.375,0.53125,1.21875,0.0,0.0625,578.6166666666667,18.083333333333332,4.856464629969736e-05,5.120396970856066e-07,0.0,0.030854727525647278,0.015427568578702472,324
300.0,Matthew Savoie,22.0,EDM,C,34.0,7.0,5.0,12.0,2.0,2.0,4.0,2.0,1.0,1.0,4.0,1.0,0.0,50.0,14.0,88.0,490:43,14:26,13.0,15.0,46.4,14.0,6.0,12.0,25.0,,,,,,,,,,,,,,,,,,,,,,38.0,16.0,12.0,0,0.5714285714285714,0.20588235294117646,0.14705882352941177,0.35294117647058826,1.4705882352941178,0.058823529411764705,0.029411764705882353,490.71666666666664,14.433333333333334,4.856464629969736e-05,5.073185541213728e-07,0.0,0.030854727525647278,0.015427566690245288,325
422.0,Michael Anderson,26.0,LAK,D,32.0,2.0,5.0,7.0,9.0,8.0,2.0,0.0,0.0,0.0,5.0,0.0,0.0,21.0,9.5,65.0,639:56,19:60,0.0,0.0,,49.0,34.0,5.0,22.0,,,,,,,,,,,,,,,,,,,,,,37.0,14.0,9.0,0,0.6086956521739131,0.0625,0.15625,0.21875,0.65625,0.0,0.0,639.9333333333333,20.0,4.856464629969736e-05,4.3917626794369307e-07,0.0,0.030854727525647278,0.015427539433330816,326
311.0,Connor Dewar,26.0,PIT,C,32.0,6.0,5.0,11.0,-3.0,8.0,6.0,0.0,0.0,1.0,5.0,0.0,0.0,49.0,12.2,98.0,433:53,13:34,4.0,6.0,40.0,14.0,62.0,4.0,16.0,,,,,,,,,,,,,,,,,,,,,,37.0,14.0,9.0,0,0.6086956521739131,0.1875,0.15625,0.34375,1.53125,0.0,0.0,433.8833333333333,13.566666666666666,4.856464629969736e-05,4.0006493355787676e-07,0.0,0.030854727525647278,0.015427523788797063,327
264.0,Simon Holmström,24.0,NYI,RW,33.0,6.0,7.0,13.0,-4.0,10.0,5.0,0.0,1.0,1.0,5.0,1.0,1.0,31.0,19.4,71.0,520:13,15:46,2.0,8.0,20.0,28.0,6.0,10.0,21.0,,,,,,,,,,,,,,,,,,,,,,41.0,19.0,12.0,0,0.6129032258064516,0.18181818181818182,0.21212121212121213,0.3939393939393939,0.9393939393939394,0.0,0.030303030303030304,520.2166666666667,15.766666666666667,4.856464629969736e-05,3.9074607482828305e-07,0.0,0.030854727525647278,0.01542752006125357,328
259.0,Ryan Donato,29.0,CHI,C,33.0,8.0,5.0,13.0,-5.0,10.0,7.0,1.0,0.0,2.0,5.0,0.0,0.0,57.0,14.0,125.0,492:10,14:55,72.0,81.0,47.1,7.0,38.0,10.0,22.0,,,,,,,,,,,,,,,,,,,,,,32.0,13.0,14.0,0,0.48148148148148145,0.24242424242424243,0.15151515151515152,0.3939393939393939,1.7272727272727273,0.030303030303030304,0.0,492.1666666666667,14.916666666666666,4.856464629969736e-05,3.728457202757027e-07,0.0,0.030854727525647278,0.015427512901111749,329
412.0,Owen Power,23.0,BUF,D,31.0,3.0,5.0,8.0,-7.0,4.0,3.0,0.0,0.0,0.0,3.0,0.0,2.0,45.0,6.7,104.0,639:15,20:37,0.0,0.0,,27.0,16.0,11.0,29.0,,,,,,,,,,,,,,,,,,,,,,32.0,14.0,14.0,0,0.5,0.0967741935483871,0.16129032258064516,0.25806451612903225,1.4516129032258065,0.0,0.0,639.25,20.616666666666667,4.856464629969736e-05,3.5709826961378735e-07,0.0,0.030854727525647278,0.015427506602131484,330
287.0,Mark Kastelic,26.0,BOS,C,34.0,6.0,6.0,12.0,6.0,55.0,6.0,0.0,0.0,2.0,5.0,1.0,0.0,46.0,13.0,102.0,469:30,13:49,145.0,106.0,57.8,35.0,88.0,15.0,20.0,,,,,,,,,,,,,,,,,,,,,,40.0,20.0,14.0,0,0.5882352941176471,0.17647058823529413,0.17647058823529413,0.35294117647058826,1.3529411764705883,0.0,0.0,469.5,13.816666666666666,4.856464629969736e-05,3.2322950928383056e-07,0.0,0.030854727525647278,0.015427493054627352,331
477.0,Emil Martinsen Lilleberg,24.0,TBL,D,32.0,2.0,4.0,6.0,9.0,43.0,2.0,0.0,0.0,0.0,4.0,0.0,0.0,24.0,8.3,62.0,555:00,17:21,0.0,0.0,,33.0,53.0,5.0,25.0,,,,,,,,,,,,,,,,,,,,,,39.0,18.0,12.0,0,0.6,0.0625,0.125,0.1875,0.75,0.0,0.0,555.0,17.35,4.856464629969736e-05,3.0894558546056294e-07,0.0,0.030854727525647278,0.015427487341057823,332
192.0,Joel Farabee,25.0,CGY,LW,34.0,8.0,8.0,16.0,-5.0,9.0,5.0,1.0,2.0,0.0,6.0,2.0,0.0,65.0,12.3,113.0,583:35,17:10,12.0,15.0,44.4,22.0,27.0,7.0,29.0,,,,,,,,,,,,,,,,,,,,,,30.0,13.0,17.0,0,0.43333333333333335,0.23529411764705882,0.23529411764705882,0.47058823529411764,1.911764705882353,0.029411764705882353,0.058823529411764705,583.5833333333334,17.166666666666668,4.856464629969736e-05,3.0385064555006046e-07,0.0,0.030854727525647278,0.01542748530308186,333
233.0,Lawson Crouse,28.0,UTA,LW,35.0,8.0,6.0,14.0,1.0,8.0,7.0,0.0,1.0,2.0,6.0,0.0,0.0,56.0,14.3,120.0,543:12,15:31,16.0,23.0,41.0,27.0,92.0,5.0,20.0,,,,,,,,,,,,,,,,,,,,,,35.0,16.0,16.0,0,0.5,0.22857142857142856,0.17142857142857143,0.4,1.6,0.0,0.02857142857142857,543.2,15.516666666666667,4.856464629969736e-05,3.0313615655506506e-07,0.0,0.030854727525647278,0.01542748501728626,334
235.0,Michael Eyssimont,29.0,BOS,C,32.0,6.0,8.0,14.0,-6.0,19.0,5.0,1.0,0.0,1.0,5.0,3.0,0.0,71.0,8.5,119.0,381:11,11:55,1.0,3.0,25.0,10.0,23.0,2.0,22.0,,,,,,,,,,,,,,,,,,,,,,40.0,20.0,14.0,0,0.5882352941176471,0.1875,0.25,0.4375,2.21875,0.03125,0.0,381.18333333333334,11.916666666666666,4.856464629969736e-05,2.841059897866072e-07,0.0,0.030854727525647278,0.015427477405219554,335
359.0,Jordan Spence,24.0,OTT,D,23.0,1.0,9.0,10.0,6.0,6.0,1.0,0.0,0.0,0.0,9.0,0.0,0.0,32.0,3.1,82.0,424:52,18:28,0.0,0.0,,16.0,17.0,6.0,20.0,,,,,,,,,,,,,,,,,,,,,,34.0,15.0,13.0,0,0.5357142857142857,0.043478260869565216,0.391304347826087,0.43478260869565216,1.391304347826087,0.0,0.0,424.8666666666667,18.466666666666665,4.856464629969736e-05,2.7297519999985855e-07,0.0,0.030854727525647278,0.015427472952903639,336
346.0,Dakota Joshua,29.0,TOR,C,30.0,6.0,4.0,10.0,-1.0,25.0,6.0,0.0,0.0,2.0,4.0,0.0,0.0,28.0,21.4,50.0,374:02,12:28,2.0,12.0,14.3,23.0,105.0,5.0,11.0,,,,,,,,,,,,,,,,,,,,,,35.0,15.0,12.0,0,0.5555555555555556,0.2,0.13333333333333333,0.3333333333333333,0.9333333333333333,0.0,0.0,374.03333333333336,12.466666666666667,4.856464629969736e-05,2.635658722431712e-07,0.0,0.030854727525647278,0.015427469189172536,337
251.0,Pius Suter,29.0,STL,F,32.0,7.0,7.0,14.0,-4.0,10.0,6.0,1.0,0.0,2.0,5.0,1.0,1.0,52.0,13.5,94.0,531:26,16:36,139.0,157.0,47.0,10.0,24.0,9.0,19.0,,,,,,,,,,,,,,,,,,,,,,31.0,12.0,15.0,0,0.4444444444444444,0.21875,0.21875,0.4375,1.625,0.03125,0.0,531.4333333333333,16.6,4.856464629969736e-05,2.63185719706044e-07,0.0,0.030854727525647278,0.015427469037111521,338
275.0,Shane Wright,22.0,SEA,C,31.0,6.0,7.0,13.0,0.0,2.0,5.0,1.0,0.0,1.0,6.0,1.0,0.0,47.0,12.8,86.0,434:19,14:01,92.0,142.0,39.3,23.0,26.0,3.0,30.0,,,,,,,,,,,,,,,,,,,,,,30.0,12.0,13.0,0,0.48,0.1935483870967742,0.22580645161290322,0.41935483870967744,1.5161290322580645,0.03225806451612903,0.0,434.31666666666666,14.016666666666667,4.856464629969736e-05,2.500528084643278e-07,0.0,0.030854727525647278,0.015427463783947024,339
263.0,A.J. Greer,29.0,FLA,LW,32.0,6.0,7.0,13.0,6.0,49.0,6.0,0.0,0.0,0.0,7.0,0.0,0.0,38.0,15.8,67.0,357:08,11:10,2.0,6.0,25.0,11.0,82.0,3.0,21.0,,,,,,,,,,,,,,,,,,,,,,36.0,17.0,13.0,0,0.5666666666666667,0.1875,0.21875,0.40625,1.1875,0.0,0.0,357.1333333333333,11.166666666666666,4.856464629969736e-05,2.2440054775745222e-07,0.0,0.030854727525647278,0.015427453523042742,340
276.0,Philip Broberg,24.0,STL,D,34.0,2.0,10.0,12.0,-4.0,4.0,2.0,0.0,0.0,0.0,10.0,0.0,0.0,49.0,4.1,122.0,792:01,23:18,0.0,0.0,,54.0,15.0,8.0,48.0,,,,,,,,,,,,,,,,,,,,,,31.0,12.0,15.0,0,0.4444444444444444,0.058823529411764705,0.29411764705882354,0.35294117647058826,1.4411764705882353,0.0,0.0,792.0166666666667,23.3,4.856464629969736e-05,2.232020533243261e-07,0.0,0.030854727525647278,0.015427453043644969,341
298.0,Nicholas Robertson,24.0,TOR,LW,30.0,6.0,6.0,12.0,-5.0,0.0,5.0,1.0,0.0,1.0,6.0,0.0,0.0,46.0,13.0,79.0,379:21,12:39,4.0,2.0,66.7,17.0,30.0,11.0,25.0,,,,,,,,,,,,,,,,,,,,,,35.0,15.0,12.0,0,0.5555555555555556,0.2,0.2,0.4,1.5333333333333334,0.03333333333333333,0.0,379.35,12.65,4.856464629969736e-05,2.1611999485878596e-07,0.0,0.030854727525647278,0.015427450210821583,342
357.0,Max Shabanov,25.0,NYI,F,22.0,3.0,7.0,10.0,-5.0,2.0,3.0,0.0,0.0,0.0,3.0,4.0,0.0,30.0,10.0,71.0,314:05,14:17,0.0,2.0,0.0,7.0,11.0,6.0,16.0,,,,,,,,,,,,,,,,,,,,,,41.0,19.0,12.0,0,0.6129032258064516,0.13636363636363635,0.3181818181818182,0.45454545454545453,1.3636363636363635,0.0,0.0,314.0833333333333,14.283333333333333,4.856464629969736e-05,2.1567974347147022e-07,0.0,0.030854727525647278,0.015427450034721027,343
433.0,Wyatt Kaiser,23.0,CHI,D,33.0,3.0,4.0,7.0,3.0,16.0,3.0,0.0,0.0,1.0,4.0,0.0,0.0,36.0,8.3,75.0,637:13,19:19,0.0,0.0,,31.0,20.0,18.0,37.0,,,,,,,,,,,,,,,,,,,,,,32.0,13.0,14.0,0,0.48148148148148145,0.09090909090909091,0.12121212121212122,0.21212121212121213,1.0909090909090908,0.0,0.0,637.2166666666667,19.316666666666666,4.856464629969736e-05,2.112204747103323e-07,0.0,0.030854727525647278,0.015427448251013522,344
96.0,Luke Evangelista,23.0,NSH,RW,31.0,4.0,19.0,23.0,8.0,8.0,3.0,1.0,0.0,0.0,13.0,6.0,0.0,67.0,6.0,122.0,500:47,16:09,0.0,1.0,0.0,5.0,6.0,11.0,26.0,,,,,,,,,,,,,,,,,,,,,,30.0,13.0,15.0,0,0.4642857142857143,0.12903225806451613,0.6129032258064516,0.7419354838709677,2.161290322580645,0.03225806451612903,0.0,500.78333333333336,16.15,4.856464629969736e-05,2.0886599082306038e-07,0.0,0.030854727525647278,0.015427447309219968,345
296.0,Drew O'Connor,27.0,VAN,F,33.0,7.0,5.0,12.0,-2.0,18.0,6.0,0.0,1.0,1.0,5.0,0.0,0.0,39.0,17.9,83.0,452:27,13:43,34.0,30.0,53.1,17.0,26.0,3.0,29.0,,,,,,,,,,,,,,,,,,,,,,29.0,13.0,17.0,0,0.43333333333333335,0.21212121212121213,0.15151515151515152,0.36363636363636365,1.1818181818181819,0.0,0.030303030303030304,452.45,13.716666666666667,4.856464629969736e-05,1.9624292430897444e-07,0.0,0.030854727525647278,0.015427442259993363,346
439.0,Andrew Peeke,27.0,BOS,D,34.0,2.0,5.0,7.0,-7.0,8.0,2.0,0.0,0.0,0.0,5.0,0.0,0.0,40.0,5.0,100.0,697:48,20:31,0.0,0.0,,72.0,46.0,8.0,33.0,,,,,,,,,,,,,,,,,,,,,,40.0,20.0,14.0,0,0.5882352941176471,0.058823529411764705,0.14705882352941177,0.20588235294117646,1.1764705882352942,0.0,0.0,697.8,20.516666666666666,4.856464629969736e-05,1.8442495665215154e-07,0.0,0.030854727525647278,0.0154274375328063,347
369.0,Alexandre Carrier,29.0,MTL,D,33.0,1.0,8.0,9.0,-13.0,16.0,1.0,0.0,0.0,0.0,8.0,0.0,0.0,23.0,4.3,69.0,629:27,19:04,0.0,0.0,,75.0,16.0,14.0,31.0,,,,,,,,,,,,,,,,,,,,,,38.0,17.0,12.0,0,0.5862068965517241,0.030303030303030304,0.24242424242424243,0.2727272727272727,0.696969696969697,0.0,0.0,629.45,19.066666666666666,4.856464629969736e-05,1.8013007499387724e-07,0.0,0.030854727525647278,0.015427435814853636,348
380.0,Matias Maccelli,25.0,TOR,LW,22.0,4.0,5.0,9.0,2.0,4.0,4.0,0.0,0.0,1.0,4.0,1.0,0.0,17.0,23.5,39.0,290:22,13:12,3.0,2.0,60.0,7.0,3.0,5.0,18.0,,,,,,,,,,,,,,,,,,,,,,35.0,15.0,12.0,0,0.5555555555555556,0.18181818181818182,0.22727272727272727,0.4090909090909091,0.7727272727272727,0.0,0.0,290.3666666666667,13.2,4.856464629969736e-05,1.797315658629743e-07,0.0,0.030854727525647278,0.015427435655449984,349
388.0,Spencer Stastney,26.0,2TM,D,33.0,1.0,8.0,9.0,-3.0,10.0,1.0,0.0,0.0,0.0,7.0,0.0,1.0,35.0,2.9,76.0,492:13,14:55,0.0,0.0,,27.0,5.0,11.0,28.0,,,,,,,,,,,,,,,,,,,,,,0.0,0.0,0.0,0,,0.030303030303030304,0.24242424242424243,0.2727272727272727,1.0606060606060606,0.0,0.0,492.21666666666664,14.916666666666666,4.856464629969736e-05,1.734081279828284e-07,0.0,0.030854727525647278,0.015427433126074832,350
184.0,Jack Quinn,24.0,BUF,RW,32.0,6.0,11.0,17.0,-7.0,10.0,4.0,2.0,0.0,2.0,11.0,0.0,0.0,59.0,10.2,126.0,523:15,16:21,2.0,8.0,20.0,16.0,18.0,6.0,28.0,,,,,,,,,,,,,,,,,,,,,,32.0,14.0,14.0,0,0.5,0.1875,0.34375,0.53125,1.84375,0.0625,0.0,523.25,16.35,4.856464629969736e-05,1.3617595642967307e-07,0.0,0.030854727525647278,0.015427418233206211,351
485.0,Matthew Robertson,24.0,NYR,D,26.0,2.0,4.0,6.0,-4.0,14.0,2.0,0.0,0.0,0.0,4.0,0.0,0.0,28.0,7.1,82.0,416:41,16:02,0.0,0.0,,36.0,41.0,0.0,17.0,,,,,,,,,,,,,,,,,,,,,,36.0,16.0,15.0,0,0.5161290322580645,0.07692307692307693,0.15384615384615385,0.23076923076923078,1.0769230769230769,0.0,0.0,416.68333333333334,16.033333333333335,4.856464629969736e-05,1.135995647022309e-07,0.0,0.030854727525647278,0.01542740920264952,352
331.0,Morgan Barron,27.0,WPG,C,26.0,5.0,5.0,10.0,5.0,18.0,4.0,0.0,1.0,2.0,5.0,0.0,0.0,40.0,12.5,63.0,318:41,12:15,135.0,131.0,50.8,16.0,56.0,7.0,12.0,,,,,,,,,,,,,,,,,,,,,,32.0,15.0,15.0,0,0.5,0.19230769230769232,0.19230769230769232,0.38461538461538464,1.5384615384615385,0.0,0.038461538461538464,318.68333333333334,12.25,4.856464629969736e-05,1.1196011657638191e-07,0.0,0.030854727525647278,0.01542740854687027,353
428.0,Ty Emberson,25.0,EDM,D,29.0,1.0,6.0,7.0,5.0,10.0,1.0,0.0,0.0,1.0,6.0,0.0,0.0,22.0,4.5,51.0,459:32,15:51,0.0,0.0,,52.0,41.0,6.0,23.0,,,,,,,,,,,,,,,,,,,,,,38.0,16.0,12.0,0,0.5714285714285714,0.034482758620689655,0.20689655172413793,0.2413793103448276,0.7586206896551724,0.0,0.0,459.53333333333336,15.85,4.856464629969736e-05,1.0255978046593907e-07,0.0,0.030854727525647278,0.015427404786735825,354
442.0,Calum Ritchie,21.0,NYI,C,24.0,4.0,3.0,7.0,1.0,10.0,3.0,1.0,0.0,2.0,3.0,0.0,0.0,28.0,14.3,47.0,279:51,11:40,74.0,98.0,43.0,15.0,5.0,1.0,19.0,,,,,,,,,,,,,,,,,,,,,,41.0,19.0,12.0,0,0.6129032258064516,0.16666666666666666,0.125,0.2916666666666667,1.1666666666666667,0.041666666666666664,0.0,279.85,11.666666666666666,4.856464629969736e-05,8.61185058275582e-08,0.0,0.030854727525647278,0.01542739821022597,355
364.0,Fabian Zetterlund,26.0,OTT,W,32.0,6.0,4.0,10.0,-6.0,6.0,4.0,2.0,0.0,0.0,4.0,0.0,0.0,54.0,11.1,104.0,462:25,14:27,2.0,4.0,33.3,13.0,61.0,4.0,15.0,,,,,,,,,,,,,,,,,,,,,,34.0,15.0,13.0,0,0.5357142857142857,0.1875,0.125,0.3125,1.6875,0.0625,0.0,462.4166666666667,14.45,4.856464629969736e-05,8.543047097551426e-08,0.0,0.030854727525647278,0.015427397935012029,356
147.0,Matty Beniers,23.0,SEA,C,31.0,4.0,14.0,18.0,-3.0,6.0,1.0,3.0,0.0,1.0,12.0,2.0,0.0,53.0,7.5,131.0,628:19,20:16,205.0,210.0,49.4,27.0,10.0,5.0,29.0,,,,,,,,,,,,,,,,,,,,,,30.0,12.0,13.0,0,0.48,0.12903225806451613,0.45161290322580644,0.5806451612903226,1.7096774193548387,0.0967741935483871,0.0,628.3166666666667,20.266666666666666,4.856464629969736e-05,8.483987860246594e-08,0.0,0.030854727525647278,0.01542739769877508,357
512.0,Yan Kuznetsov,23.0,CGY,D,20.0,2.0,3.0,5.0,-3.0,0.0,2.0,0.0,0.0,1.0,2.0,0.0,1.0,18.0,11.1,44.0,405:44,20:17,0.0,0.0,,33.0,33.0,2.0,16.0,,,,,,,,,,,,,,,,,,,,,,30.0,13.0,17.0,0,0.43333333333333335,0.1,0.15,0.25,0.9,0.0,0.0,405.73333333333335,20.283333333333335,4.856464629969736e-05,7.851822024801459e-08,0.0,0.030854727525647278,0.015427395170111737,358
340.0,Aaron Ekblad,29.0,FLA,D,31.0,1.0,9.0,10.0,-7.0,20.0,0.0,1.0,0.0,1.0,8.0,0.0,1.0,46.0,2.2,115.0,696:32,22:28,0.0,0.0,,55.0,34.0,8.0,21.0,,,,,,,,,,,,,,,,,,,,,,36.0,17.0,13.0,0,0.5666666666666667,0.03225806451612903,0.2903225806451613,0.3225806451612903,1.4838709677419355,0.03225806451612903,0.0,696.5333333333333,22.466666666666665,4.856464629969736e-05,7.669591641026099e-08,0.0,0.030854727525647278,0.015427394441190203,359
423.0,Uvis Balinskis,29.0,FLA,D,23.0,1.0,6.0,7.0,3.0,10.0,1.0,0.0,0.0,0.0,6.0,0.0,0.0,19.0,5.3,42.0,321:40,13:59,0.0,0.0,,13.0,34.0,10.0,11.0,,,,,,,,,,,,,,,,,,,,,,36.0,17.0,13.0,0,0.5666666666666667,0.043478260869565216,0.2608695652173913,0.30434782608695654,0.8260869565217391,0.0,0.0,321.6666666666667,13.983333333333333,4.856464629969736e-05,7.507420860273222e-08,0.0,0.030854727525647278,0.01542739379250708,360
341.0,Jake Evans,29.0,MTL,C,32.0,5.0,5.0,10.0,-13.0,18.0,4.0,0.0,1.0,0.0,5.0,0.0,0.0,34.0,14.7,74.0,498:32,15:35,220.0,197.0,52.8,24.0,43.0,5.0,24.0,,,,,,,,,,,,,,,,,,,,,,38.0,17.0,12.0,0,0.5862068965517241,0.15625,0.15625,0.3125,1.0625,0.0,0.03125,498.53333333333336,15.583333333333334,4.856464629969736e-05,7.46132972531469e-08,0.0,0.030854727525647278,0.01542739360814254,361
449.0,Kevin Bahl,25.0,CGY,D,33.0,3.0,3.0,6.0,8.0,22.0,3.0,0.0,0.0,2.0,3.0,0.0,0.0,28.0,10.7,64.0,694:47,21:03,0.0,0.0,,47.0,35.0,21.0,43.0,,,,,,,,,,,,,,,,,,,,,,30.0,13.0,17.0,0,0.43333333333333335,0.09090909090909091,0.09090909090909091,0.18181818181818182,0.8484848484848485,0.0,0.0,694.7833333333333,21.05,4.856464629969736e-05,7.264100691603604e-08,0.0,0.030854727525647278,0.015427392819226405,362
421.0,Tom Willander,20.0,VAN,D,23.0,1.0,7.0,8.0,1.0,4.0,1.0,0.0,0.0,0.0,6.0,1.0,0.0,17.0,5.9,50.0,313:21,13:37,0.0,0.0,,20.0,3.0,3.0,13.0,,,,,,,,,,,,,,,,,,,,,,29.0,13.0,17.0,0,0.43333333333333335,0.043478260869565216,0.30434782608695654,0.34782608695652173,0.7391304347826086,0.0,0.0,313.35,13.616666666666667,4.856464629969736e-05,7.014842009913346e-08,0.0,0.030854727525647278,0.015427391822191678,363
384.0,Michael Rasmussen,26.0,DET,C,29.0,4.0,5.0,9.0,-5.0,4.0,4.0,0.0,0.0,0.0,5.0,0.0,0.0,28.0,14.3,63.0,359:05,12:23,69.0,50.0,58.0,23.0,32.0,5.0,12.0,,,,,,,,,,,,,,,,,,,,,,41.0,19.0,12.0,0,0.6129032258064516,0.13793103448275862,0.1724137931034483,0.3103448275862069,0.9655172413793104,0.0,0.0,359.0833333333333,12.383333333333333,4.856464629969736e-05,6.851471182059812e-08,0.0,0.030854727525647278,0.015427391168708367,364
376.0,Marat Khusnutdinov,23.0,BOS,C,29.0,4.0,5.0,9.0,-2.0,8.0,4.0,0.0,0.0,1.0,4.0,1.0,0.0,31.0,12.9,59.0,404:22,13:57,32.0,35.0,47.8,14.0,15.0,9.0,17.0,,,,,,,,,,,,,,,,,,,,,,40.0,20.0,14.0,0,0.5882352941176471,0.13793103448275862,0.1724137931034483,0.3103448275862069,1.0689655172413792,0.0,0.0,404.3666666666667,13.95,4.856464629969736e-05,6.549835985823145e-08,0.0,0.030854727525647278,0.015427389962167581,365
436.0,Noah Ostlund,21.0,BUF,C,21.0,4.0,3.0,7.0,2.0,2.0,3.0,1.0,0.0,0.0,3.0,0.0,0.0,21.0,19.0,40.0,267:07,12:43,34.0,98.0,25.8,12.0,1.0,3.0,9.0,,,,,,,,,,,,,,,,,,,,,,32.0,14.0,14.0,0,0.5,0.19047619047619047,0.14285714285714285,0.3333333333333333,1.0,0.047619047619047616,0.0,267.1166666666667,12.716666666666667,4.856464629969736e-05,6.370106649556202e-08,0.0,0.030854727525647278,0.015427389243250237,366
267.0,Eetu Luostarinen,27.0,FLA,C,24.0,3.0,10.0,13.0,1.0,10.0,2.0,1.0,0.0,0.0,9.0,0.0,1.0,42.0,7.1,76.0,400:16,16:41,10.0,11.0,47.6,21.0,50.0,8.0,16.0,,,,,,,,,,,,,,,,,,,,,,36.0,17.0,13.0,0,0.5666666666666667,0.125,0.4166666666666667,0.5416666666666666,1.75,0.041666666666666664,0.0,400.26666666666665,16.683333333333334,4.856464629969736e-05,6.326755946210969e-08,0.0,0.030854727525647278,0.015427389069847424,367
334.0,Paul Cotter,26.0,NJD,C,33.0,5.0,5.0,10.0,-7.0,11.0,5.0,0.0,0.0,1.0,4.0,1.0,0.0,36.0,13.9,76.0,409:24,12:24,14.0,14.0,50.0,11.0,88.0,7.0,16.0,,,,,,,,,,,,,,,,,,,,,,37.0,18.0,14.0,0,0.5625,0.15151515151515152,0.15151515151515152,0.30303030303030304,1.0909090909090908,0.0,0.0,409.4,12.4,4.856464629969736e-05,6.321646114788133e-08,0.0,0.030854727525647278,0.015427389049408099,368
335.0,Easton Cowan,20.0,TOR,RW,24.0,4.0,6.0,10.0,1.0,4.0,4.0,0.0,0.0,0.0,6.0,0.0,0.0,41.0,9.8,77.0,350:48,14:37,1.0,4.0,20.0,13.0,25.0,3.0,29.0,,,,,,,,,,,,,,,,,,,,,,35.0,15.0,12.0,0,0.5555555555555556,0.16666666666666666,0.25,0.4166666666666667,1.7083333333333333,0.0,0.0,350.8,14.616666666666667,4.856464629969736e-05,6.230540127004259e-08,0.0,0.030854727525647278,0.015427388684984146,369
463.0,Dante Fabbro,27.0,CBJ,D,33.0,2.0,4.0,6.0,-10.0,6.0,2.0,0.0,0.0,0.0,4.0,0.0,0.0,33.0,6.1,79.0,527:18,15:59,0.0,0.0,,63.0,21.0,8.0,23.0,,,,,,,,,,,,,,,,,,,,,,34.0,14.0,13.0,0,0.5185185185185185,0.06060606060606061,0.12121212121212122,0.18181818181818182,1.0,0.0,0.0,527.3,15.983333333333333,4.856464629969736e-05,5.896666504253975e-08,0.0,0.030854727525647278,0.015427387349489655,370
464.0,Warren Foegele,29.0,LAK,LW,24.0,5.0,1.0,6.0,3.0,14.0,5.0,0.0,0.0,1.0,1.0,0.0,0.0,36.0,13.9,74.0,332:36,13:52,4.0,9.0,30.8,6.0,27.0,2.0,26.0,,,,,,,,,,,,,,,,,,,,,,37.0,14.0,9.0,0,0.6086956521739131,0.20833333333333334,0.041666666666666664,0.25,1.5,0.0,0.0,332.6,13.866666666666667,4.856464629969736e-05,5.478608629058147e-08,0.0,0.030854727525647278,0.015427385677258156,371
237.0,Tanner Jeannot,28.0,BOS,F,34.0,3.0,11.0,14.0,2.0,25.0,3.0,0.0,0.0,1.0,10.0,1.0,0.0,41.0,7.3,89.0,469:23,13:48,5.0,6.0,45.5,29.0,100.0,3.0,28.0,,,,,,,,,,,,,,,,,,,,,,40.0,20.0,14.0,0,0.5882352941176471,0.08823529411764706,0.3235294117647059,0.4117647058823529,1.2058823529411764,0.0,0.0,469.3833333333333,13.8,4.856464629969736e-05,5.4582278638726053e-08,0.0,0.030854727525647278,0.015427385595735095,372
429.0,Mario Ferraro,27.0,SJS,D,34.0,1.0,6.0,7.0,1.0,8.0,1.0,0.0,0.0,0.0,6.0,0.0,0.0,33.0,3.0,90.0,716:20,21:04,0.0,0.0,,75.0,63.0,13.0,42.0,,,,,,,,,,,,,,,,,,,,,,37.0,17.0,14.0,0,0.5483870967741935,0.029411764705882353,0.17647058823529413,0.20588235294117646,0.9705882352941176,0.0,0.0,716.3333333333334,21.066666666666666,4.856464629969736e-05,5.191330483356435e-08,0.0,0.030854727525647278,0.015427384528145573,373
413.0,Sam Rinzel,21.0,CHI,D,28.0,1.0,7.0,8.0,0.0,28.0,1.0,0.0,0.0,0.0,7.0,0.0,0.0,39.0,2.6,114.0,462:53,16:32,0.0,0.0,,29.0,26.0,4.0,37.0,,,,,,,,,,,,,,,,,,,,,,32.0,13.0,14.0,0,0.48148148148148145,0.03571428571428571,0.25,0.2857142857142857,1.3928571428571428,0.0,0.0,462.8833333333333,16.533333333333335,4.856464629969736e-05,4.838832035395722e-08,0.0,0.030854727525647278,0.015427383118151781,374
415.0,Max Sasson,25.0,VAN,F,30.0,6.0,2.0,8.0,-1.0,10.0,6.0,0.0,0.0,0.0,1.0,1.0,0.0,30.0,20.0,51.0,329:13,10:58,70.0,102.0,40.7,20.0,16.0,5.0,13.0,,,,,,,,,,,,,,,,,,,,,,29.0,13.0,17.0,0,0.43333333333333335,0.2,0.06666666666666667,0.26666666666666666,1.0,0.0,0.0,329.21666666666664,10.966666666666667,4.856464629969736e-05,4.813108464981036e-08,0.0,0.030854727525647278,0.0154273830152575,375
277.0,Michael Carcone,29.0,UTA,F,33.0,6.0,6.0,12.0,-2.0,18.0,5.0,1.0,0.0,0.0,6.0,0.0,0.0,70.0,8.6,140.0,394:18,11:57,1.0,3.0,25.0,6.0,60.0,6.0,16.0,,,,,,,,,,,,,,,,,,,,,,35.0,16.0,16.0,0,0.5,0.18181818181818182,0.18181818181818182,0.36363636363636365,2.121212121212121,0.030303030303030304,0.0,394.3,11.95,4.856464629969736e-05,4.685397073873932e-08,0.0,0.030854727525647278,0.015427382504411934,376
388.0,Spencer Stastney,26.0,NSH,D,30.0,1.0,8.0,9.0,-1.0,10.0,1.0,0.0,0.0,0.0,7.0,0.0,1.0,30.0,3.3,67.0,445:59,14:52,0.0,0.0,,25.0,5.0,9.0,22.0,,,,,,,,,,,,,,,,,,,,,,30.0,13.0,15.0,0,0.4642857142857143,0.03333333333333333,0.26666666666666666,0.3,1.0,0.0,0.0,445.98333333333335,14.866666666666667,4.856464629969736e-05,4.23459792496664e-08,0.0,0.030854727525647278,0.015427380701215338,377
324.0,Yegor Sharangovich,27.0,CGY,C,30.0,6.0,5.0,11.0,-8.0,2.0,5.0,1.0,0.0,1.0,5.0,0.0,0.0,48.0,12.5,100.0,453:37,15:07,12.0,31.0,27.9,6.0,5.0,5.0,17.0,,,,,,,,,,,,,,,,,,,,,,30.0,13.0,17.0,0,0.43333333333333335,0.2,0.16666666666666666,0.36666666666666664,1.6,0.03333333333333333,0.0,453.6166666666667,15.116666666666667,4.856464629969736e-05,3.9988146655314703e-08,0.0,0.030854727525647278,0.015427379758082302,378
378.0,Andrei Kuzmenko,29.0,LAK,F,27.0,5.0,4.0,9.0,-4.0,6.0,1.0,4.0,0.0,0.0,3.0,1.0,0.0,35.0,14.3,80.0,390:17,14:27,0.0,0.0,,7.0,18.0,6.0,28.0,,,,,,,,,,,,,,,,,,,,,,37.0,14.0,9.0,0,0.6086956521739131,0.18518518518518517,0.14814814814814814,0.3333333333333333,1.2962962962962963,0.14814814814814814,0.0,390.28333333333336,14.45,4.856464629969736e-05,3.864360959921997e-08,0.0,0.030854727525647278,0.01542737922026748,379
538.0,Alex Vlasic,24.0,CHI,D,32.0,2.0,3.0,5.0,-11.0,7.0,2.0,0.0,0.0,0.0,3.0,0.0,0.0,30.0,6.7,83.0,673:14,21:02,0.0,0.0,,53.0,15.0,13.0,31.0,,,,,,,,,,,,,,,,,,,,,,32.0,13.0,14.0,0,0.48148148148148145,0.0625,0.09375,0.15625,0.9375,0.0,0.0,673.2333333333333,21.033333333333335,4.856464629969736e-05,3.752531301901845e-08,0.0,0.030854727525647278,0.015427378772948846,380
482.0,Nicklaus Perbix,27.0,NSH,D,29.0,2.0,4.0,6.0,-8.0,8.0,2.0,0.0,0.0,0.0,4.0,0.0,0.0,31.0,6.5,75.0,585:37,20:12,0.0,0.0,,28.0,16.0,6.0,32.0,,,,,,,,,,,,,,,,,,,,,,30.0,13.0,15.0,0,0.4642857142857143,0.06896551724137931,0.13793103448275862,0.20689655172413793,1.0689655172413792,0.0,0.0,585.6166666666667,20.2,4.856464629969736e-05,3.1749435012511357e-08,0.0,0.030854727525647278,0.015427376462597644,381
349.0,Noah Laba,22.0,NYR,C,35.0,5.0,5.0,10.0,1.0,14.0,4.0,1.0,0.0,1.0,4.0,1.0,0.0,37.0,13.5,75.0,463:33,13:15,149.0,134.0,52.7,22.0,44.0,4.0,18.0,,,,,,,,,,,,,,,,,,,,,,36.0,16.0,15.0,0,0.5161290322580645,0.14285714285714285,0.14285714285714285,0.2857142857142857,1.0571428571428572,0.02857142857142857,0.0,463.55,13.25,4.856464629969736e-05,3.053797567123612e-08,0.0,0.030854727525647278,0.015427375978013908,382
486.0,Braden Schneider,24.0,NYR,D,35.0,1.0,5.0,6.0,-4.0,8.0,1.0,0.0,0.0,0.0,5.0,0.0,0.0,43.0,2.3,107.0,679:56,19:26,0.0,0.0,,56.0,77.0,11.0,37.0,,,,,,,,,,,,,,,,,,,,,,36.0,16.0,15.0,0,0.5161290322580645,0.02857142857142857,0.14285714285714285,0.17142857142857143,1.2285714285714286,0.0,0.0,679.9333333333333,19.433333333333334,4.856464629969736e-05,2.7885191078461604e-08,0.0,0.030854727525647278,0.01542737491690007,383
431.0,Nicolas Hague,27.0,NSH,D,24.0,1.0,6.0,7.0,-9.0,23.0,1.0,0.0,0.0,0.0,6.0,0.0,0.0,15.0,6.7,53.0,476:54,19:52,0.0,0.0,,22.0,39.0,6.0,19.0,,,,,,,,,,,,,,,,,,,,,,30.0,13.0,15.0,0,0.4642857142857143,0.041666666666666664,0.25,0.2916666666666667,0.625,0.0,0.0,476.9,19.866666666666667,4.856464629969736e-05,2.7134942199171214e-08,0.0,0.030854727525647278,0.01542737461680052,384
318.0,Linus Karlsson,26.0,VAN,C,30.0,5.0,6.0,11.0,-2.0,22.0,5.0,0.0,0.0,1.0,6.0,0.0,0.0,41.0,12.2,78.0,307:31,10:15,7.0,14.0,33.3,6.0,39.0,6.0,17.0,,,,,,,,,,,,,,,,,,,,,,29.0,13.0,17.0,0,0.43333333333333335,0.16666666666666666,0.2,0.36666666666666664,1.3666666666666667,0.0,0.0,307.51666666666665,10.25,4.856464629969736e-05,2.7116152478235508e-08,0.0,0.030854727525647278,0.01542737460928463,385
206.0,Mackie Samoskevich,23.0,FLA,RW,32.0,4.0,12.0,16.0,-4.0,10.0,2.0,2.0,0.0,0.0,8.0,4.0,0.0,71.0,5.6,143.0,482:51,15:05,0.0,0.0,,13.0,64.0,5.0,22.0,,,,,,,,,,,,,,,,,,,,,,36.0,17.0,13.0,0,0.5666666666666667,0.125,0.375,0.5,2.21875,0.0625,0.0,482.85,15.083333333333334,4.856464629969736e-05,2.4297348275039136e-08,0.0,0.030854727525647278,0.015427373481762948,386
542.0,William Borgen,29.0,NYR,D,28.0,2.0,2.0,4.0,4.0,16.0,2.0,0.0,0.0,2.0,2.0,0.0,0.0,27.0,7.4,73.0,518:57,18:32,0.0,0.0,,31.0,44.0,9.0,24.0,,,,,,,,,,,,,,,,,,,,,,36.0,16.0,15.0,0,0.5161290322580645,0.07142857142857142,0.07142857142857142,0.14285714285714285,0.9642857142857143,0.0,0.0,518.95,18.533333333333335,4.856464629969736e-05,2.3477147562135026e-08,0.0,0.030854727525647278,0.015427373153682663,387
408.0,Oliver Moore,21.0,CHI,C,21.0,3.0,5.0,8.0,-4.0,4.0,3.0,0.0,0.0,0.0,4.0,1.0,0.0,28.0,10.7,47.0,268:42,12:48,7.0,6.0,53.8,10.0,13.0,9.0,16.0,,,,,,,,,,,,,,,,,,,,,,32.0,13.0,14.0,0,0.48148148148148145,0.14285714285714285,0.23809523809523808,0.38095238095238093,1.3333333333333333,0.0,0.0,268.7,12.8,4.856464629969736e-05,2.277907973317796e-08,0.0,0.030854727525647278,0.015427372874455532,388
585.0,Sam Dickinson,19.0,SJS,D,26.0,1.0,2.0,3.0,-5.0,6.0,1.0,0.0,0.0,0.0,2.0,0.0,0.0,24.0,4.2,58.0,384:49,14:48,0.0,0.0,,22.0,22.0,6.0,22.0,,,,,,,,,,,,,,,,,,,,,,37.0,17.0,14.0,0,0.5483870967741935,0.038461538461538464,0.07692307692307693,0.11538461538461539,0.9230769230769231,0.0,0.0,384.81666666666666,14.8,4.856464629969736e-05,2.2668220738665592e-08,0.0,0.030854727525647278,0.015427372830111934,389
533.0,Jayden Struble,24.0,MTL,D,27.0,0.0,5.0,5.0,-7.0,34.0,0.0,0.0,0.0,0.0,5.0,0.0,0.0,11.0,0.0,47.0,413:29,15:19,0.0,0.0,,15.0,47.0,5.0,28.0,,,,,,,,,,,,,,,,,,,,,,38.0,17.0,12.0,0,0.5862068965517241,0.0,0.18518518518518517,0.18518518518518517,0.4074074074074074,0.0,0.0,413.48333333333335,15.316666666666666,4.856464629969736e-05,2.1764833384744695e-08,0.0,0.030854727525647278,0.015427372468756993,390
249.0,Cole Sillinger,22.0,CBJ,C,32.0,3.0,11.0,14.0,1.0,16.0,3.0,0.0,0.0,1.0,10.0,1.0,0.0,66.0,4.5,112.0,522:53,16:20,12.0,25.0,32.4,14.0,36.0,12.0,33.0,,,,,,,,,,,,,,,,,,,,,,34.0,14.0,13.0,0,0.5185185185185185,0.09375,0.34375,0.4375,2.0625,0.0,0.0,522.8833333333333,16.333333333333332,4.856464629969736e-05,2.1269358222502752e-08,0.0,0.030854727525647278,0.015427372270566928,391
382.0,Mathieu Olivier,28.0,CBJ,F,23.0,3.0,6.0,9.0,2.0,44.0,3.0,0.0,0.0,1.0,6.0,0.0,0.0,29.0,10.3,63.0,321:58,13:60,0.0,0.0,,19.0,71.0,3.0,9.0,,,,,,,,,,,,,,,,,,,,,,34.0,14.0,13.0,0,0.5185185185185185,0.13043478260869565,0.2608695652173913,0.391304347826087,1.2608695652173914,0.0,0.0,321.96666666666664,14.0,4.856464629969736e-05,1.9919905327433803e-08,0.0,0.030854727525647278,0.01542737173078577,392
473.0,Henri Jokiharju,26.0,BOS,D,25.0,0.0,6.0,6.0,-5.0,10.0,0.0,0.0,0.0,0.0,4.0,2.0,0.0,22.0,0.0,73.0,434:47,17:23,0.0,0.0,,19.0,13.0,4.0,31.0,,,,,,,,,,,,,,,,,,,,,,40.0,20.0,14.0,0,0.5882352941176471,0.0,0.24,0.24,0.88,0.0,0.0,434.78333333333336,17.383333333333333,4.856464629969736e-05,1.739993786099924e-08,0.0,0.030854727525647278,0.015427370722798784,393
594.0,Albert Johansson,25.0,DET,D,34.0,0.0,3.0,3.0,-14.0,4.0,0.0,0.0,0.0,0.0,3.0,0.0,0.0,22.0,0.0,77.0,535:23,15:45,0.0,0.0,,44.0,33.0,8.0,31.0,,,,,,,,,,,,,,,,,,,,,,41.0,19.0,12.0,0,0.6129032258064516,0.0,0.08823529411764706,0.08823529411764706,0.6470588235294118,0.0,0.0,535.3833333333333,15.75,4.856464629969736e-05,1.719135970084554e-08,0.0,0.030854727525647278,0.01542737063936752,394
662.0,Arber Xhekaj,25.0,MTL,D,29.0,1.0,1.0,2.0,-6.0,55.0,1.0,0.0,0.0,0.0,1.0,0.0,0.0,22.0,4.5,62.0,348:55,12:02,0.0,0.0,,22.0,62.0,2.0,20.0,,,,,,,,,,,,,,,,,,,,,,38.0,17.0,12.0,0,0.5862068965517241,0.034482758620689655,0.034482758620689655,0.06896551724137931,0.7586206896551724,0.0,0.0,348.9166666666667,12.033333333333333,4.856464629969736e-05,1.4253899716523549e-08,0.0,0.030854727525647278,0.015427369464383526,395
529.0,Elias Pettersson,21.0,VAN,D,30.0,1.0,4.0,5.0,0.0,8.0,1.0,0.0,0.0,0.0,4.0,0.0,0.0,17.0,5.9,62.0,405:58,13:32,0.0,0.0,,35.0,46.0,7.0,26.0,,,,,,,,,,,,,,,,,,,,,,29.0,13.0,17.0,0,0.43333333333333335,0.03333333333333333,0.13333333333333333,0.16666666666666666,0.5666666666666667,0.0,0.0,405.96666666666664,13.533333333333333,4.856464629969736e-05,1.3602224810281614e-08,0.0,0.030854727525647278,0.015427369203713563,396
325.0,Jimmy Snuggerud,21.0,STL,RW,26.0,5.0,6.0,11.0,-2.0,6.0,3.0,2.0,0.0,2.0,4.0,2.0,0.0,47.0,10.6,105.0,401:40,15:27,2.0,0.0,100.0,16.0,25.0,10.0,13.0,,,,,,,,,,,,,,,,,,,,,,31.0,12.0,15.0,0,0.4444444444444444,0.19230769230769232,0.23076923076923078,0.4230769230769231,1.8076923076923077,0.07692307692307693,0.0,401.6666666666667,15.45,4.856464629969736e-05,1.3268692141992504e-08,0.0,0.030854727525647278,0.015427369070300496,397
379.0,Steven Lorentz,29.0,TOR,C,26.0,3.0,6.0,9.0,1.0,10.0,2.0,0.0,1.0,0.0,6.0,0.0,0.0,25.0,12.0,38.0,291:56,11:14,29.0,29.0,50.0,17.0,57.0,4.0,14.0,,,,,,,,,,,,,,,,,,,,,,35.0,15.0,12.0,0,0.5555555555555556,0.11538461538461539,0.23076923076923078,0.34615384615384615,0.9615384615384616,0.0,0.038461538461538464,291.93333333333334,11.233333333333333,4.856464629969736e-05,1.2205744760911282e-08,0.0,0.030854727525647278,0.015427368645121543,398
393.0,Kailer Yamamoto,27.0,UTA,RW,25.0,4.0,5.0,9.0,5.0,8.0,4.0,0.0,0.0,0.0,5.0,0.0,0.0,19.0,21.1,37.0,287:33,11:30,10.0,16.0,38.5,5.0,11.0,2.0,8.0,,,,,,,,,,,,,,,,,,,,,,35.0,16.0,16.0,0,0.5,0.16,0.2,0.36,0.76,0.0,0.0,287.55,11.5,4.856464629969736e-05,1.2111690158716102e-08,0.0,0.030854727525647278,0.015427368607499702,399
543.0,Jacob Bryson,28.0,BUF,D,22.0,1.0,3.0,4.0,-3.0,4.0,1.0,0.0,0.0,0.0,3.0,0.0,0.0,7.0,14.3,27.0,232:35,10:34,0.0,0.0,,10.0,6.0,2.0,8.0,,,,,,,,,,,,,,,,,,,,,,32.0,14.0,14.0,0,0.5,0.045454545454545456,0.13636363636363635,0.18181818181818182,0.3181818181818182,0.0,0.0,232.58333333333334,10.566666666666666,4.856464629969736e-05,1.1879700736371287e-08,0.0,0.030854727525647278,0.015427368514703933,400
323.0,Aatu Räty,23.0,VAN,C,28.0,3.0,8.0,11.0,4.0,16.0,3.0,0.0,0.0,1.0,8.0,0.0,0.0,25.0,12.0,65.0,338:22,12:05,193.0,131.0,59.6,7.0,65.0,4.0,16.0,,,,,,,,,,,,,,,,,,,,,,29.0,13.0,17.0,0,0.43333333333333335,0.10714285714285714,0.2857142857142857,0.39285714285714285,0.8928571428571429,0.0,0.0,338.3666666666667,12.083333333333334,4.856464629969736e-05,8.922636652272866e-09,0.0,0.030854727525647278,0.0154273673318783,401
344.0,Ryan Greene,22.0,CHI,C,33.0,4.0,6.0,10.0,6.0,2.0,3.0,1.0,0.0,0.0,6.0,0.0,0.0,40.0,10.0,73.0,532:12,16:08,131.0,162.0,44.7,13.0,21.0,10.0,19.0,,,,,,,,,,,,,,,,,,,,,,32.0,13.0,14.0,0,0.48148148148148145,0.12121212121212122,0.18181818181818182,0.30303030303030304,1.2121212121212122,0.030303030303030304,0.0,532.2,16.133333333333333,4.856464629969736e-05,8.818256321266409e-09,0.0,0.030854727525647278,0.015427367290126167,402
350.0,Andrew Mangiapane,29.0,EDM,LW,34.0,4.0,6.0,10.0,-16.0,4.0,4.0,0.0,0.0,1.0,6.0,0.0,0.0,34.0,11.8,79.0,473:42,13:56,2.0,3.0,40.0,14.0,26.0,5.0,22.0,,,,,,,,,,,,,,,,,,,,,,38.0,16.0,12.0,0,0.5714285714285714,0.11764705882352941,0.17647058823529413,0.29411764705882354,1.0,0.0,0.0,473.7,13.933333333333334,4.856464629969736e-05,8.429111618209572e-09,0.0,0.030854727525647278,0.015427367134468286,403
209.0,Eeli Tolvanen,26.0,SEA,RW,31.0,4.0,12.0,16.0,-14.0,8.0,1.0,3.0,0.0,0.0,6.0,6.0,0.0,48.0,8.3,117.0,486:44,15:42,0.0,0.0,,27.0,82.0,6.0,22.0,,,,,,,,,,,,,,,,,,,,,,30.0,12.0,13.0,0,0.48,0.12903225806451613,0.3870967741935484,0.5161290322580645,1.5483870967741935,0.0967741935483871,0.0,486.73333333333335,15.7,4.856464629969736e-05,7.70279872207136e-09,0.0,0.030854727525647278,0.015427366843943127,404
535.0,Tyler Tucker,25.0,STL,D,30.0,1.0,4.0,5.0,-7.0,39.0,1.0,0.0,0.0,0.0,4.0,0.0,0.0,27.0,3.7,60.0,394:37,13:09,0.0,0.0,,20.0,33.0,2.0,22.0,,,,,,,,,,,,,,,,,,,,,,31.0,12.0,15.0,0,0.4444444444444444,0.03333333333333333,0.13333333333333333,0.16666666666666666,0.9,0.0,0.0,394.6166666666667,13.15,4.856464629969736e-05,7.380735579358945e-09,0.0,0.030854727525647278,0.01542736671511787,405
521.0,Niko Mikkola,29.0,FLA,D,32.0,0.0,5.0,5.0,9.0,35.0,0.0,0.0,0.0,0.0,5.0,0.0,0.0,37.0,0.0,91.0,637:07,19:55,0.0,0.0,,39.0,52.0,11.0,40.0,,,,,,,,,,,,,,,,,,,,,,36.0,17.0,13.0,0,0.5666666666666667,0.0,0.15625,0.15625,1.15625,0.0,0.0,637.1166666666667,19.916666666666668,4.856464629969736e-05,7.0243409707264e-09,0.0,0.030854727525647278,0.015427366572560027,406
491.0,Conor Timmins,27.0,BUF,D,32.0,0.0,6.0,6.0,-11.0,16.0,0.0,0.0,0.0,0.0,6.0,0.0,0.0,31.0,0.0,87.0,618:48,19:20,0.0,0.0,,69.0,23.0,8.0,39.0,,,,,,,,,,,,,,,,,,,,,,32.0,14.0,14.0,0,0.5,0.0,0.1875,0.1875,0.96875,0.0,0.0,618.8,19.333333333333332,4.856464629969736e-05,6.520501998197729e-09,0.0,0.030854727525647278,0.015427366371024438,407
564.0,Timothy Liljegren,26.0,SJS,D,27.0,0.0,4.0,4.0,-11.0,18.0,0.0,0.0,0.0,0.0,4.0,0.0,0.0,17.0,0.0,59.0,542:07,20:05,0.0,0.0,,62.0,23.0,3.0,27.0,,,,,,,,,,,,,,,,,,,,,,37.0,17.0,14.0,0,0.5483870967741935,0.0,0.14814814814814814,0.14814814814814814,0.6296296296296297,0.0,0.0,542.1166666666667,20.083333333333332,4.856464629969736e-05,5.494431166436215e-09,0.0,0.030854727525647278,0.015427365960596105,408
534.0,David Tomasek,29.0,EDM,F,22.0,3.0,2.0,5.0,-6.0,10.0,3.0,0.0,0.0,0.0,0.0,2.0,0.0,30.0,10.0,52.0,236:41,10:46,30.0,34.0,46.9,6.0,17.0,3.0,12.0,,,,,,,,,,,,,,,,,,,,,,38.0,16.0,12.0,0,0.5714285714285714,0.13636363636363635,0.09090909090909091,0.22727272727272727,1.3636363636363635,0.0,0.0,236.68333333333334,10.766666666666667,4.856464629969736e-05,5.272349819750111e-09,0.0,0.030854727525647278,0.015427365871763566,409
530.0,Marcus Pettersson,29.0,VAN,D,33.0,1.0,4.0,5.0,-1.0,33.0,1.0,0.0,0.0,0.0,4.0,0.0,0.0,22.0,4.5,66.0,680:52,20:38,0.0,0.0,,53.0,20.0,7.0,31.0,,,,,,,,,,,,,,,,,,,,,,29.0,13.0,17.0,0,0.43333333333333335,0.030303030303030304,0.12121212121212122,0.15151515151515152,0.6666666666666666,0.0,0.0,680.8666666666667,20.633333333333333,4.856464629969736e-05,5.1626568666429685e-09,0.0,0.030854727525647278,0.015427365827886385,410
345.0,Kent Johnson,23.0,CBJ,C,32.0,3.0,7.0,10.0,-11.0,2.0,3.0,0.0,0.0,0.0,7.0,0.0,0.0,54.0,5.6,98.0,448:39,14:01,0.0,1.0,0.0,17.0,3.0,7.0,20.0,,,,,,,,,,,,,,,,,,,,,,34.0,14.0,13.0,0,0.5185185185185185,0.09375,0.21875,0.3125,1.6875,0.0,0.0,448.65,14.016666666666667,4.856464629969736e-05,5.115506072828103e-09,0.0,0.030854727525647278,0.015427365809026069,411
559.0,Tyler Kleven,24.0,OTT,D,30.0,0.0,4.0,4.0,-13.0,13.0,0.0,0.0,0.0,0.0,4.0,0.0,0.0,37.0,0.0,81.0,521:01,17:22,0.0,0.0,,46.0,39.0,9.0,38.0,,,,,,,,,,,,,,,,,,,,,,34.0,15.0,13.0,0,0.5357142857142857,0.0,0.13333333333333333,0.13333333333333333,1.2333333333333334,0.0,0.0,521.0166666666667,17.366666666666667,4.856464629969736e-05,4.548380776390393e-09,0.0,0.030854727525647278,0.01542736558217595,412
460.0,Dalibor Dvorsky,20.0,STL,C,24.0,5.0,1.0,6.0,-7.0,6.0,1.0,4.0,0.0,0.0,1.0,0.0,0.0,32.0,15.6,58.0,342:43,14:17,110.0,113.0,49.3,11.0,40.0,6.0,18.0,,,,,,,,,,,,,,,,,,,,,,31.0,12.0,15.0,0,0.4444444444444444,0.20833333333333334,0.041666666666666664,0.25,1.3333333333333333,0.16666666666666666,0.0,342.71666666666664,14.283333333333333,4.856464629969736e-05,4.3429245102997506e-09,0.0,0.030854727525647278,0.015427365499993443,413
580.0,Simon Benoit,27.0,TOR,D,30.0,0.0,3.0,3.0,-3.0,19.0,0.0,0.0,0.0,0.0,3.0,0.0,0.0,20.0,0.0,57.0,528:42,17:37,0.0,0.0,,46.0,71.0,6.0,30.0,,,,,,,,,,,,,,,,,,,,,,35.0,15.0,12.0,0,0.5555555555555556,0.0,0.1,0.1,0.6666666666666666,0.0,0.0,528.7,17.616666666666667,4.856464629969736e-05,4.279107400853035e-09,0.0,0.030854727525647278,0.0154273654744666,414
400.0,Pontus Holmberg,26.0,TBL,RW,26.0,3.0,5.0,8.0,6.0,12.0,3.0,0.0,0.0,2.0,5.0,0.0,0.0,32.0,9.4,65.0,332:25,12:47,13.0,24.0,35.1,11.0,27.0,4.0,10.0,,,,,,,,,,,,,,,,,,,,,,39.0,18.0,12.0,0,0.6,0.11538461538461539,0.19230769230769232,0.3076923076923077,1.2307692307692308,0.0,0.0,332.4166666666667,12.783333333333333,4.856464629969736e-05,4.0998541218231315e-09,0.0,0.030854727525647278,0.015427365402765288,415
506.0,Dominic James,23.0,TBL,C,20.0,2.0,3.0,5.0,-1.0,4.0,2.0,0.0,0.0,0.0,3.0,0.0,0.0,23.0,8.7,48.0,243:34,12:11,56.0,66.0,45.9,7.0,30.0,5.0,12.0,,,,,,,,,,,,,,,,,,,,,,39.0,18.0,12.0,0,0.6,0.1,0.15,0.25,1.15,0.0,0.0,243.56666666666666,12.183333333333334,4.856464629969736e-05,3.814241614690981e-09,0.0,0.030854727525647278,0.015427365288520284,416
430.0,Gage Goncalves,25.0,TBL,C,29.0,2.0,5.0,7.0,3.0,21.0,2.0,0.0,0.0,0.0,4.0,1.0,0.0,19.0,10.5,47.0,344:39,11:53,3.0,6.0,33.3,12.0,32.0,6.0,24.0,,,,,,,,,,,,,,,,,,,,,,39.0,18.0,12.0,0,0.6,0.06896551724137931,0.1724137931034483,0.2413793103448276,0.6551724137931034,0.0,0.0,344.65,11.883333333333333,4.856464629969736e-05,3.480984053831896e-09,0.0,0.030854727525647278,0.015427365155217261,417
656.0,Jonas Siegenthaler,28.0,NJD,D,33.0,0.0,2.0,2.0,-4.0,27.0,0.0,0.0,0.0,0.0,1.0,0.0,1.0,28.0,0.0,66.0,645:41,19:34,0.0,0.0,,61.0,51.0,11.0,46.0,,,,,,,,,,,,,,,,,,,,,,37.0,18.0,14.0,0,0.5625,0.0,0.06060606060606061,0.06060606060606061,0.8484848484848485,0.0,0.0,645.6833333333333,19.566666666666666,4.856464629969736e-05,3.2052500367541793e-09,0.0,0.030854727525647278,0.015427365044923654,418
441.0,Taylor Raddysh,27.0,NYR,RW,33.0,5.0,2.0,7.0,2.0,4.0,4.0,0.0,1.0,0.0,2.0,0.0,0.0,26.0,19.2,43.0,380:27,11:32,0.0,7.0,0.0,13.0,32.0,6.0,12.0,,,,,,,,,,,,,,,,,,,,,,36.0,16.0,15.0,0,0.5161290322580645,0.15151515151515152,0.06060606060606061,0.21212121212121213,0.7878787878787878,0.0,0.030303030303030304,380.45,11.533333333333333,4.856464629969736e-05,3.1307596978895868e-09,0.0,0.030854727525647278,0.015427365015127517,419
514.0,Blake Lizotte,28.0,PIT,C,27.0,3.0,2.0,5.0,1.0,8.0,3.0,0.0,0.0,0.0,2.0,0.0,0.0,31.0,9.7,59.0,376:36,13:57,133.0,127.0,51.2,12.0,25.0,7.0,17.0,,,,,,,,,,,,,,,,,,,,,,37.0,14.0,9.0,0,0.6086956521739131,0.1111111111111111,0.07407407407407407,0.18518518518518517,1.1481481481481481,0.0,0.0,376.6,13.95,4.856464629969736e-05,3.100098747341532e-09,0.0,0.030854727525647278,0.015427365002863137,420
525.0,Jani Nyman,21.0,SEA,RW,21.0,4.0,1.0,5.0,2.0,6.0,3.0,1.0,0.0,0.0,1.0,0.0,0.0,29.0,13.8,63.0,222:33,10:36,2.0,4.0,33.3,3.0,20.0,1.0,11.0,,,,,,,,,,,,,,,,,,,,,,30.0,12.0,13.0,0,0.48,0.19047619047619047,0.047619047619047616,0.23809523809523808,1.380952380952381,0.047619047619047616,0.0,222.55,10.6,4.856464629969736e-05,3.0693259618796137e-09,0.0,0.030854727525647278,0.015427364990554023,421
567.0,Nikolas Matinpalo,27.0,OTT,D,23.0,0.0,4.0,4.0,-1.0,6.0,0.0,0.0,0.0,0.0,4.0,0.0,0.0,16.0,0.0,56.0,342:02,14:52,0.0,0.0,,25.0,21.0,4.0,12.0,,,,,,,,,,,,,,,,,,,,,,34.0,15.0,13.0,0,0.5357142857142857,0.0,0.17391304347826086,0.17391304347826086,0.6956521739130435,0.0,0.0,342.03333333333336,14.866666666666667,4.856464629969736e-05,3.043347073440623e-09,0.0,0.030854727525647278,0.015427364980162468,422
336.0,Ty Dellandrea,25.0,SJS,C,34.0,2.0,8.0,10.0,-10.0,12.0,1.0,0.0,1.0,0.0,7.0,0.0,1.0,41.0,4.9,77.0,505:28,14:52,215.0,202.0,51.6,31.0,97.0,6.0,19.0,,,,,,,,,,,,,,,,,,,,,,37.0,17.0,14.0,0,0.5483870967741935,0.058823529411764705,0.23529411764705882,0.29411764705882354,1.2058823529411764,0.0,0.029411764705882353,505.46666666666664,14.866666666666667,4.856464629969736e-05,2.910027659847006e-09,0.0,0.030854727525647278,0.015427364926834703,423
565.0,Ryan Lindgren,27.0,SEA,D,31.0,0.0,4.0,4.0,-3.0,37.0,0.0,0.0,0.0,0.0,3.0,0.0,1.0,22.0,0.0,80.0,582:44,18:48,0.0,1.0,0.0,55.0,17.0,5.0,34.0,,,,,,,,,,,,,,,,,,,,,,30.0,12.0,13.0,0,0.48,0.0,0.12903225806451613,0.12903225806451613,0.7096774193548387,0.0,0.0,582.7333333333333,18.8,4.856464629969736e-05,2.546027576205048e-09,0.0,0.030854727525647278,0.01542736478123467,424
356.0,Nicolas Roy,28.0,TOR,C,29.0,2.0,8.0,10.0,1.0,6.0,1.0,1.0,0.0,0.0,7.0,0.0,1.0,31.0,6.5,60.0,437:45,15:06,194.0,164.0,54.2,15.0,32.0,13.0,27.0,,,,,,,,,,,,,,,,,,,,,,35.0,15.0,12.0,0,0.5555555555555556,0.06896551724137931,0.27586206896551724,0.3448275862068966,1.0689655172413792,0.034482758620689655,0.0,437.75,15.1,4.856464629969736e-05,2.303429006328964e-09,0.0,0.030854727525647278,0.015427364684195241,425
492.0,Alex Turcotte,24.0,LAK,C,31.0,2.0,4.0,6.0,-2.0,15.0,2.0,0.0,0.0,0.0,4.0,0.0,0.0,25.0,8.0,58.0,289:19,9:20,109.0,87.0,55.6,11.0,12.0,4.0,14.0,,,,,,,,,,,,,,,,,,,,,,37.0,14.0,9.0,0,0.6086956521739131,0.06451612903225806,0.12903225806451613,0.1935483870967742,0.8064516129032258,0.0,0.0,289.31666666666666,9.333333333333334,4.856464629969736e-05,2.294039572268801e-09,0.0,0.030854727525647278,0.015427364680439468,426
451.0,Jesper Boqvist,27.0,FLA,C,32.0,3.0,3.0,6.0,-1.0,6.0,3.0,0.0,0.0,1.0,3.0,0.0,0.0,29.0,10.3,57.0,383:17,11:59,18.0,39.0,31.6,17.0,70.0,0.0,25.0,,,,,,,,,,,,,,,,,,,,,,36.0,17.0,13.0,0,0.5666666666666667,0.09375,0.09375,0.1875,0.90625,0.0,0.0,383.28333333333336,11.983333333333333,4.856464629969736e-05,2.2431675067457078e-09,0.0,0.030854727525647278,0.01542736466009064,427
645.0,Logan Mailloux,22.0,STL,D,21.0,1.0,1.0,2.0,-16.0,23.0,1.0,0.0,0.0,0.0,1.0,0.0,0.0,23.0,4.3,51.0,283:23,13:30,0.0,0.0,,14.0,28.0,2.0,16.0,,,,,,,,,,,,,,,,,,,,,,31.0,12.0,15.0,0,0.4444444444444444,0.047619047619047616,0.047619047619047616,0.09523809523809523,1.0952380952380953,0.0,0.0,283.3833333333333,13.5,4.856464629969736e-05,2.1908520258215256e-09,0.0,0.030854727525647278,0.01542736463916445,428
381.0,Jack McBain,26.0,UTA,C,35.0,3.0,6.0,9.0,-1.0,32.0,3.0,0.0,0.0,0.0,6.0,0.0,0.0,44.0,6.8,96.0,486:32,13:54,187.0,178.0,51.2,28.0,111.0,7.0,24.0,,,,,,,,,,,,,,,,,,,,,,35.0,16.0,16.0,0,0.5,0.08571428571428572,0.17142857142857143,0.2571428571428571,1.2571428571428571,0.0,0.0,486.53333333333336,13.9,4.856464629969736e-05,2.077384615345942e-09,0.0,0.030854727525647278,0.015427364593777484,429
653.0,Alec Regula,25.0,EDM,D,20.0,0.0,2.0,2.0,-8.0,17.0,0.0,0.0,0.0,0.0,2.0,0.0,0.0,12.0,0.0,29.0,305:21,15:16,0.0,0.0,,26.0,14.0,4.0,18.0,,,,,,,,,,,,,,,,,,,,,,38.0,16.0,12.0,0,0.5714285714285714,0.0,0.1,0.1,0.6,0.0,0.0,305.35,15.266666666666667,4.856464629969736e-05,1.8542341822014408e-09,0.0,0.030854727525647278,0.015427364504517312,430
558.0,Marco Kasper,21.0,DET,C,34.0,3.0,1.0,4.0,-12.0,27.0,2.0,1.0,0.0,0.0,1.0,0.0,0.0,50.0,6.0,91.0,466:39,13:44,120.0,133.0,47.4,23.0,78.0,5.0,24.0,,,,,,,,,,,,,,,,,,,,,,41.0,19.0,12.0,0,0.6129032258064516,0.08823529411764706,0.029411764705882353,0.11764705882352941,1.4705882352941178,0.029411764705882353,0.0,466.65,13.733333333333333,4.856464629969736e-05,1.5929028652076329e-09,0.0,0.030854727525647278,0.015427364399984786,431
432.0,Barrett Hayton,25.0,UTA,C,30.0,4.0,3.0,7.0,-3.0,20.0,2.0,2.0,0.0,0.0,2.0,1.0,0.0,50.0,8.0,82.0,461:52,15:24,165.0,180.0,47.8,11.0,5.0,6.0,18.0,,,,,,,,,,,,,,,,,,,,,,35.0,16.0,16.0,0,0.5,0.13333333333333333,0.1,0.23333333333333334,1.6666666666666667,0.06666666666666667,0.0,461.8666666666667,15.4,4.856464629969736e-05,1.5629660628927053e-09,0.0,0.030854727525647278,0.015427364388010064,432
371.0,Ridly Greig,23.0,OTT,C,27.0,2.0,7.0,9.0,-4.0,29.0,1.0,1.0,0.0,0.0,5.0,2.0,0.0,46.0,4.3,84.0,453:30,16:48,104.0,84.0,55.3,19.0,36.0,7.0,14.0,,,,,,,,,,,,,,,,,,,,,,34.0,15.0,13.0,0,0.5357142857142857,0.07407407407407407,0.25925925925925924,0.3333333333333333,1.7037037037037037,0.037037037037037035,0.0,453.5,16.8,4.856464629969736e-05,1.4702606099615496e-09,0.0,0.030854727525647278,0.015427364350927883,433
577.0,Adam Wilsby,25.0,NSH,D,22.0,0.0,4.0,4.0,1.0,14.0,0.0,0.0,0.0,0.0,4.0,0.0,0.0,19.0,0.0,52.0,370:23,16:50,0.0,0.0,,18.0,9.0,7.0,18.0,,,,,,,,,,,,,,,,,,,,,,30.0,13.0,15.0,0,0.4642857142857143,0.0,0.18181818181818182,0.18181818181818182,0.8636363636363636,0.0,0.0,370.3833333333333,16.833333333333332,4.856464629969736e-05,1.2627801015272553e-09,0.0,0.030854727525647278,0.01542736426793568,434
446.0,Connor Zary,24.0,CGY,C,32.0,4.0,3.0,7.0,-5.0,10.0,3.0,1.0,0.0,0.0,3.0,0.0,0.0,44.0,9.1,81.0,451:03,14:06,41.0,60.0,40.6,7.0,23.0,5.0,19.0,,,,,,,,,,,,,,,,,,,,,,30.0,13.0,17.0,0,0.43333333333333335,0.125,0.09375,0.21875,1.375,0.03125,0.0,451.05,14.1,4.856464629969736e-05,1.0946368904942949e-09,0.0,0.030854727525647278,0.015427364200678395,435
621.0,Vincent Desharnais,29.0,SJS,D,20.0,0.0,2.0,2.0,1.0,32.0,0.0,0.0,0.0,0.0,2.0,0.0,0.0,12.0,0.0,33.0,331:08,16:33,0.0,0.0,,34.0,28.0,2.0,16.0,,,,,,,,,,,,,,,,,,,,,,37.0,17.0,14.0,0,0.5483870967741935,0.0,0.1,0.1,0.6,0.0,0.0,331.1333333333333,16.55,4.856464629969736e-05,8.455279048417873e-10,0.0,0.030854727525647278,0.015427364101034801,436
390.0,Kevin Stenlund,29.0,UTA,C,35.0,2.0,7.0,9.0,-5.0,16.0,2.0,0.0,0.0,0.0,6.0,0.0,1.0,34.0,5.9,78.0,514:22,14:42,285.0,255.0,52.8,25.0,22.0,8.0,26.0,,,,,,,,,,,,,,,,,,,,,,35.0,16.0,16.0,0,0.5,0.05714285714285714,0.2,0.2571428571428571,0.9714285714285714,0.0,0.0,514.3666666666667,14.7,4.856464629969736e-05,7.621835585714283e-10,0.0,0.030854727525647278,0.015427364067697062,437
474.0,Tye Kartye,24.0,SEA,F,29.0,2.0,4.0,6.0,-5.0,9.0,2.0,0.0,0.0,0.0,4.0,0.0,0.0,19.0,10.5,51.0,320:59,11:04,1.0,6.0,14.3,21.0,69.0,7.0,16.0,,,,,,,,,,,,,,,,,,,,,,30.0,12.0,13.0,0,0.48,0.06896551724137931,0.13793103448275862,0.20689655172413793,0.6551724137931034,0.0,0.0,320.98333333333335,11.066666666666666,4.856464629969736e-05,7.258886077621601e-10,0.0,0.030854727525647278,0.015427364053179082,438
455.0,Colton Dach,23.0,CHI,C,33.0,3.0,3.0,6.0,-10.0,43.0,2.0,1.0,0.0,1.0,2.0,1.0,0.0,42.0,7.1,75.0,402:14,12:11,17.0,30.0,36.2,17.0,119.0,11.0,17.0,,,,,,,,,,,,,,,,,,,,,,32.0,13.0,14.0,0,0.48148148148148145,0.09090909090909091,0.09090909090909091,0.18181818181818182,1.2727272727272727,0.030303030303030304,0.0,402.23333333333335,12.183333333333334,4.856464629969736e-05,5.902387663360671e-10,0.0,0.030854727525647278,0.015427363998919145,439
454.0,Yegor Chinakhov,24.0,CBJ,RW,27.0,3.0,3.0,6.0,-5.0,6.0,3.0,0.0,0.0,0.0,3.0,0.0,0.0,36.0,8.3,77.0,275:23,10:12,0.0,0.0,,8.0,26.0,3.0,13.0,,,,,,,,,,,,,,,,,,,,,,34.0,14.0,13.0,0,0.5185185185185185,0.1111111111111111,0.1111111111111111,0.2222222222222222,1.3333333333333333,0.0,0.0,275.3833333333333,10.2,4.856464629969736e-05,5.467677926621109e-10,0.0,0.030854727525647278,0.015427363981530755,440
603.0,Brayden Pachal,26.0,CGY,D,21.0,0.0,3.0,3.0,0.0,33.0,0.0,0.0,0.0,0.0,3.0,0.0,0.0,13.0,0.0,49.0,281:22,13:24,0.0,0.0,,18.0,45.0,5.0,17.0,,,,,,,,,,,,,,,,,,,,,,30.0,13.0,17.0,0,0.43333333333333335,0.0,0.14285714285714285,0.14285714285714285,0.6190476190476191,0.0,0.0,281.3666666666667,13.4,4.856464629969736e-05,5.009491921078488e-10,0.0,0.030854727525647278,0.015427363963203315,441
646.0,Jeff Malott,29.0,LAK,F,22.0,2.0,0.0,2.0,-2.0,23.0,2.0,0.0,0.0,0.0,0.0,0.0,0.0,18.0,11.1,44.0,176:06,8:00,1.0,1.0,50.0,9.0,68.0,2.0,7.0,,,,,,,,,,,,,,,,,,,,,,37.0,14.0,9.0,0,0.6086956521739131,0.09090909090909091,0.0,0.09090909090909091,0.8181818181818182,0.0,0.0,176.1,8.0,4.856464629969736e-05,4.950977398301941e-10,0.0,0.030854727525647278,0.015427363960862734,442
561.0,Tyson Kozak,23.0,BUF,C,23.0,2.0,2.0,4.0,-3.0,2.0,2.0,0.0,0.0,0.0,2.0,0.0,0.0,18.0,11.1,34.0,281:58,12:16,117.0,124.0,48.5,23.0,61.0,7.0,12.0,,,,,,,,,,,,,,,,,,,,,,32.0,14.0,14.0,0,0.5,0.08695652173913043,0.08695652173913043,0.17391304347826086,0.782608695652174,0.0,0.0,281.96666666666664,12.266666666666667,4.856464629969736e-05,4.697257452716284e-10,0.0,0.030854727525647278,0.015427363950713938,443
612.0,Joe Veleno,26.0,MTL,C,28.0,2.0,1.0,3.0,-9.0,13.0,2.0,0.0,0.0,1.0,1.0,0.0,0.0,24.0,8.3,44.0,337:31,12:03,91.0,86.0,51.4,18.0,64.0,2.0,8.0,,,,,,,,,,,,,,,,,,,,,,38.0,17.0,12.0,0,0.5862068965517241,0.07142857142857142,0.03571428571428571,0.10714285714285714,0.8571428571428571,0.0,0.0,337.51666666666665,12.05,4.856464629969736e-05,3.974683434300529e-10,0.0,0.030854727525647278,0.015427363921810976,444
547.0,Adam Edstrom,25.0,NYR,C,24.0,2.0,2.0,4.0,5.0,2.0,2.0,0.0,0.0,1.0,2.0,0.0,0.0,21.0,9.5,35.0,229:36,9:34,2.0,0.0,100.0,13.0,48.0,5.0,12.0,,,,,,,,,,,,,,,,,,,,,,36.0,16.0,15.0,0,0.5161290322580645,0.08333333333333333,0.08333333333333333,0.16666666666666666,0.875,0.0,0.0,229.6,9.566666666666666,4.856464629969736e-05,3.7451630920703677e-10,0.0,0.030854727525647278,0.015427363912630162,445
539.0,Ryan Winterton,22.0,SEA,C,31.0,2.0,3.0,5.0,-3.0,8.0,2.0,0.0,0.0,0.0,3.0,0.0,0.0,26.0,7.7,59.0,363:01,11:43,0.0,2.0,0.0,15.0,35.0,4.0,15.0,,,,,,,,,,,,,,,,,,,,,,30.0,12.0,13.0,0,0.48,0.06451612903225806,0.0967741935483871,0.16129032258064516,0.8387096774193549,0.0,0.0,363.01666666666665,11.716666666666667,4.856464629969736e-05,3.493994851595781e-10,0.0,0.030854727525647278,0.015427363902583433,446
518.0,Beck Malenstyn,27.0,BUF,LW,31.0,3.0,2.0,5.0,-6.0,18.0,3.0,0.0,0.0,0.0,2.0,0.0,0.0,34.0,8.8,61.0,352:50,11:23,0.0,3.0,0.0,33.0,101.0,4.0,15.0,,,,,,,,,,,,,,,,,,,,,,32.0,14.0,14.0,0,0.5,0.0967741935483871,0.06451612903225806,0.16129032258064516,1.096774193548387,0.0,0.0,352.8333333333333,11.383333333333333,4.856464629969736e-05,2.7083252238417533e-10,0.0,0.030854727525647278,0.015427363871156648,447
599.0,Kyle MacLean,26.0,NYI,F,20.0,1.0,2.0,3.0,-4.0,25.0,1.0,0.0,0.0,0.0,2.0,0.0,0.0,16.0,6.3,23.0,211:54,10:36,20.0,9.0,69.0,7.0,44.0,1.0,5.0,,,,,,,,,,,,,,,,,,,,,,41.0,19.0,12.0,0,0.6129032258064516,0.05,0.1,0.15,0.8,0.0,0.0,211.9,10.6,4.856464629969736e-05,2.66810239885651e-10,0.0,0.030854727525647278,0.015427363869547735,448
476.0,Cole Koepke,27.0,WPG,LW,23.0,2.0,4.0,6.0,-1.0,12.0,2.0,0.0,0.0,0.0,4.0,0.0,0.0,29.0,6.9,56.0,239:21,10:24,0.0,0.0,,5.0,71.0,7.0,8.0,,,,,,,,,,,,,,,,,,,,,,32.0,15.0,15.0,0,0.5,0.08695652173913043,0.17391304347826086,0.2608695652173913,1.2608695652173914,0.0,0.0,239.35,10.4,4.856464629969736e-05,2.59925950131723e-10,0.0,0.030854727525647278,0.01542736386679402,449
507.0,Tyson Jost,27.0,NSH,C,23.0,2.0,3.0,5.0,-6.0,10.0,2.0,0.0,0.0,0.0,3.0,0.0,0.0,23.0,8.7,38.0,279:36,12:09,16.0,19.0,45.7,7.0,29.0,9.0,9.0,,,,,,,,,,,,,,,,,,,,,,30.0,13.0,15.0,0,0.4642857142857143,0.08695652173913043,0.13043478260869565,0.21739130434782608,1.0,0.0,0.0,279.6,12.15,4.856464629969736e-05,2.549546739483315e-10,0.0,0.030854727525647278,0.015427363864805508,450
417.0,Fedor Svechkov,22.0,NSH,C,30.0,1.0,7.0,8.0,-3.0,10.0,1.0,0.0,0.0,0.0,7.0,0.0,0.0,38.0,2.6,70.0,376:07,12:32,93.0,114.0,44.9,11.0,25.0,5.0,16.0,,,,,,,,,,,,,,,,,,,,,,30.0,13.0,15.0,0,0.4642857142857143,0.03333333333333333,0.23333333333333334,0.26666666666666666,1.2666666666666666,0.0,0.0,376.1166666666667,12.533333333333333,4.856464629969736e-05,2.433541252891059e-10,0.0,0.030854727525647278,0.01542736386016529,451
589.0,Trent Frederic,27.0,EDM,C,34.0,2.0,1.0,3.0,-9.0,27.0,2.0,0.0,0.0,1.0,1.0,0.0,0.0,37.0,5.4,67.0,387:34,11:24,35.0,28.0,55.6,11.0,86.0,4.0,11.0,,,,,,,,,,,,,,,,,,,,,,38.0,16.0,12.0,0,0.5714285714285714,0.058823529411764705,0.029411764705882353,0.08823529411764706,1.088235294117647,0.0,0.0,387.56666666666666,11.4,4.856464629969736e-05,2.289766517342626e-10,0.0,0.030854727525647278,0.0154273638544143,452
475.0,Adam Klapka,25.0,CGY,F,33.0,2.0,4.0,6.0,-7.0,60.0,2.0,0.0,0.0,0.0,3.0,1.0,0.0,34.0,5.9,78.0,324:20,9:50,5.0,9.0,35.7,19.0,112.0,6.0,11.0,,,,,,,,,,,,,,,,,,,,,,30.0,13.0,17.0,0,0.43333333333333335,0.06060606060606061,0.12121212121212122,0.18181818181818182,1.0303030303030303,0.0,0.0,324.3333333333333,9.833333333333334,4.856464629969736e-05,2.2155093583505532e-10,0.0,0.030854727525647278,0.015427363851444014,453
377.0,Peyton Krebs,25.0,BUF,C,32.0,0.0,9.0,9.0,-5.0,40.0,0.0,0.0,0.0,0.0,8.0,1.0,0.0,37.0,0.0,73.0,439:46,13:45,117.0,137.0,46.1,19.0,76.0,10.0,21.0,,,,,,,,,,,,,,,,,,,,,,32.0,14.0,14.0,0,0.5,0.0,0.28125,0.28125,1.15625,0.0,0.0,439.76666666666665,13.75,4.856464629969736e-05,1.6041903675400187e-10,0.0,0.030854727525647278,0.015427363826991253,454
516.0,Isac Lundeström,26.0,CBJ,C,32.0,1.0,4.0,5.0,-1.0,4.0,1.0,0.0,0.0,0.0,4.0,0.0,0.0,25.0,4.0,44.0,400:38,12:31,90.0,77.0,53.9,16.0,12.0,3.0,23.0,,,,,,,,,,,,,,,,,,,,,,34.0,14.0,13.0,0,0.5185185185185185,0.03125,0.125,0.15625,0.78125,0.0,0.0,400.6333333333333,12.516666666666667,4.856464629969736e-05,1.3412302589315267e-10,0.0,0.030854727525647278,0.015427363816472849,455
403.0,Mathieu Joseph,28.0,STL,RW,28.0,2.0,6.0,8.0,1.0,4.0,1.0,0.0,1.0,1.0,6.0,0.0,0.0,26.0,7.7,55.0,364:42,13:02,3.0,6.0,33.3,19.0,55.0,9.0,15.0,,,,,,,,,,,,,,,,,,,,,,31.0,12.0,15.0,0,0.4444444444444444,0.07142857142857142,0.21428571428571427,0.2857142857142857,0.9285714285714286,0.0,0.03571428571428571,364.7,13.033333333333333,4.856464629969736e-05,1.1104696292781047e-10,0.0,0.030854727525647278,0.015427363807242423,456
494.0,Arshdeep Bains,25.0,VAN,F,26.0,1.0,4.0,5.0,0.0,12.0,1.0,0.0,0.0,0.0,3.0,1.0,0.0,14.0,7.1,26.0,237:49,9:09,2.0,12.0,14.3,5.0,22.0,6.0,9.0,,,,,,,,,,,,,,,,,,,,,,29.0,13.0,17.0,0,0.43333333333333335,0.038461538461538464,0.15384615384615385,0.19230769230769232,0.5384615384615384,0.0,0.0,237.81666666666666,9.15,4.856464629969736e-05,7.891218202667799e-11,0.0,0.030854727525647278,0.015427363794388511,457
638.0,Luke Kunin,28.0,FLA,C,22.0,1.0,1.0,2.0,-6.0,6.0,1.0,0.0,0.0,0.0,1.0,0.0,0.0,14.0,7.1,33.0,205:15,9:20,64.0,65.0,49.6,22.0,41.0,1.0,10.0,,,,,,,,,,,,,,,,,,,,,,36.0,17.0,13.0,0,0.5666666666666667,0.045454545454545456,0.045454545454545456,0.09090909090909091,0.6363636363636364,0.0,0.0,205.25,9.333333333333334,4.856464629969736e-05,5.0352706870094643e-11,0.0,0.030854727525647278,0.015427363782964722,458
498.0,Berkly Catton,20.0,SEA,F,21.0,0.0,5.0,5.0,-1.0,4.0,0.0,0.0,0.0,0.0,4.0,1.0,0.0,17.0,0.0,41.0,260:51,12:25,20.0,24.0,45.5,14.0,2.0,5.0,9.0,,,,,,,,,,,,,,,,,,,,,,30.0,12.0,13.0,0,0.48,0.0,0.23809523809523808,0.23809523809523808,0.8095238095238095,0.0,0.0,260.85,12.416666666666666,4.856464629969736e-05,4.586402407596767e-11,0.0,0.030854727525647278,0.015427363781169249,459
587.0,Joshua Dunne,27.0,BUF,C,20.0,1.0,2.0,3.0,-4.0,29.0,1.0,0.0,0.0,0.0,2.0,0.0,0.0,15.0,6.7,32.0,177:38,8:53,13.0,21.0,38.2,9.0,22.0,4.0,12.0,,,,,,,,,,,,,,,,,,,,,,32.0,14.0,14.0,0,0.5,0.05,0.1,0.15,0.75,0.0,0.0,177.63333333333333,8.883333333333333,4.856464629969736e-05,4.096502181033781e-11,0.0,0.030854727525647278,0.015427363779209648,460
595.0,Ville Koivunen,22.0,PIT,RW,21.0,1.0,2.0,3.0,-5.0,8.0,0.0,1.0,0.0,0.0,1.0,1.0,0.0,22.0,4.5,53.0,267:22,12:44,0.0,0.0,,10.0,2.0,3.0,8.0,,,,,,,,,,,,,,,,,,,,,,37.0,14.0,9.0,0,0.6086956521739131,0.047619047619047616,0.09523809523809523,0.14285714285714285,1.0476190476190477,0.047619047619047616,0.0,267.3666666666667,12.733333333333333,4.856464629969736e-05,2.9054791206173364e-11,0.0,0.030854727525647278,0.015427363774445556,461
622.0,Curtis Douglas,25.0,TBL,C,25.0,0.0,2.0,2.0,1.0,58.0,0.0,0.0,0.0,0.0,2.0,0.0,0.0,15.0,0.0,31.0,150:27,6:01,2.0,2.0,50.0,6.0,29.0,3.0,9.0,,,,,,,,,,,,,,,,,,,,,,39.0,18.0,12.0,0,0.6,0.0,0.08,0.08,0.6,0.0,0.0,150.45,6.016666666666667,4.856464629969736e-05,2.7803983023317603e-11,0.0,0.030854727525647278,0.015427363773945232,462
658.0,Elmer Söderblom,24.0,DET,RW,21.0,1.0,1.0,2.0,-3.0,4.0,1.0,0.0,0.0,0.0,1.0,0.0,0.0,24.0,4.2,55.0,225:14,10:44,1.0,0.0,100.0,3.0,33.0,4.0,14.0,,,,,,,,,,,,,,,,,,,,,,41.0,19.0,12.0,0,0.6129032258064516,0.047619047619047616,0.047619047619047616,0.09523809523809523,1.1428571428571428,0.0,0.0,225.23333333333332,10.733333333333333,4.856464629969736e-05,2.63396256394947e-11,0.0,0.030854727525647278,0.015427363773359489,463
576.0,Ozzy Wiesblatt,23.0,NSH,RW,24.0,1.0,3.0,4.0,-6.0,30.0,1.0,0.0,0.0,0.0,3.0,0.0,0.0,22.0,4.5,47.0,255:04,10:38,0.0,4.0,0.0,10.0,60.0,5.0,11.0,,,,,,,,,,,,,,,,,,,,,,30.0,13.0,15.0,0,0.4642857142857143,0.041666666666666664,0.125,0.16666666666666666,0.9166666666666666,0.0,0.0,255.06666666666666,10.633333333333333,4.856464629969736e-05,1.3517942621010102e-11,0.0,0.030854727525647278,0.015427363768230815,464
121.0,André Burakovsky,30.0,CHI,LW,28.0,8.0,13.0,21.0,-1.0,8.0,7.0,1.0,0.0,1.0,9.0,4.0,0.0,36.0,22.2,84.0,482:58,17:15,0.0,4.0,0.0,13.0,7.0,12.0,24.0,,,,,,,,,,,,,,,,,,,,,,32.0,13.0,14.0,0,0.48148148148148145,0.2857142857142857,0.4642857142857143,0.75,1.2857142857142858,0.03571428571428571,0.0,482.96666666666664,17.25,3.8812162893570486e-05,5.907815917435441e-05,0.0,0.030803974481147738,0.01542561850424361,465
104.0,Tyler Toffoli,33.0,SJS,C,34.0,10.0,13.0,23.0,3.0,2.0,8.0,2.0,0.0,0.0,10.0,3.0,0.0,75.0,13.3,157.0,533:37,15:42,2.0,5.0,28.6,18.0,22.0,7.0,21.0,,,,,,,,,,,,,,,,,,,,,,37.0,17.0,14.0,0,0.5483870967741935,0.29411764705882354,0.38235294117647056,0.6764705882352942,2.2058823529411766,0.058823529411764705,0.0,533.6166666666667,15.7,3.8812162893570486e-05,5.8667143995647274e-05,0.0,0.030803974481147738,0.015425454098172128,466
221.0,Jaden Schwartz,33.0,SEA,C,23.0,8.0,7.0,15.0,6.0,8.0,5.0,2.0,1.0,2.0,6.0,1.0,0.0,48.0,16.7,89.0,395:51,17:13,12.0,6.0,66.7,20.0,24.0,13.0,27.0,,,,,,,,,,,,,,,,,,,,,,30.0,12.0,13.0,0,0.48,0.34782608695652173,0.30434782608695654,0.6521739130434783,2.0869565217391304,0.08695652173913043,0.043478260869565216,395.85,17.216666666666665,3.8812162893570486e-05,4.471901872775509e-05,0.0,0.030803974481147738,0.01541987484806497,467
145.0,Seth Jones,31.0,FLA,D,32.0,5.0,14.0,19.0,0.0,10.0,1.0,4.0,0.0,0.0,8.0,6.0,0.0,57.0,8.8,154.0,760:53,23:47,0.0,0.0,,37.0,33.0,10.0,42.0,,,,,,,,,,,,,,,,,,,,,,36.0,17.0,13.0,0,0.5666666666666667,0.15625,0.4375,0.59375,1.78125,0.125,0.0,760.8833333333333,23.783333333333335,3.8812162893570486e-05,3.371649649255134e-05,0.0,0.030803974481147738,0.01541547383917089,468
201.0,Mike Matheson,31.0,MTL,D,32.0,4.0,12.0,16.0,7.0,18.0,4.0,0.0,0.0,1.0,12.0,0.0,0.0,39.0,10.3,105.0,796:51,24:54,0.0,0.0,,69.0,22.0,15.0,35.0,,,,,,,,,,,,,,,,,,,,,,38.0,17.0,12.0,0,0.5862068965517241,0.125,0.375,0.5,1.21875,0.0,0.0,796.85,24.9,3.8812162893570486e-05,3.1498493054352306e-05,0.0,0.030803974481147738,0.015414586637795609,469
172.0,Justin Faulk,33.0,STL,D,34.0,7.0,10.0,17.0,-5.0,16.0,5.0,2.0,0.0,1.0,5.0,5.0,0.0,62.0,11.3,122.0,771:02,22:41,0.0,0.0,,69.0,30.0,9.0,26.0,,,,,,,,,,,,,,,,,,,,,,31.0,12.0,15.0,0,0.4444444444444444,0.20588235294117646,0.29411764705882354,0.5,1.8235294117647058,0.058823529411764705,0.0,771.0333333333333,22.683333333333334,3.8812162893570486e-05,1.947027379978189e-05,0.0,0.030803974481147738,0.015409775350093781,470
207.0,Steven Stamkos,35.0,NSH,C,32.0,12.0,4.0,16.0,-8.0,20.0,10.0,2.0,0.0,3.0,3.0,1.0,0.0,75.0,16.0,148.0,553:52,17:19,114.0,86.0,57.0,13.0,25.0,10.0,29.0,,,,,,,,,,,,,,,,,,,,,,30.0,13.0,15.0,0,0.4642857142857143,0.375,0.125,0.5,2.34375,0.0625,0.0,553.8666666666667,17.316666666666666,3.8812162893570486e-05,1.5816278633761286e-05,0.0,0.030803974481147738,0.015408313752027373,471
222.0,Vincent Trocheck,32.0,NYR,C,21.0,5.0,10.0,15.0,-6.0,12.0,5.0,0.0,0.0,1.0,8.0,2.0,0.0,32.0,15.6,76.0,432:08,20:35,188.0,155.0,54.8,19.0,82.0,10.0,24.0,,,,,,,,,,,,,,,,,,,,,,36.0,16.0,15.0,0,0.5161290322580645,0.23809523809523808,0.47619047619047616,0.7142857142857143,1.5238095238095237,0.0,0.0,432.1333333333333,20.583333333333332,3.8812162893570486e-05,1.4520165387294602e-05,0.0,0.030803974481147738,0.015407795306728787,472
262.0,Vladislav Gavrikov,30.0,NYR,D,35.0,6.0,7.0,13.0,1.0,18.0,6.0,0.0,0.0,1.0,7.0,0.0,0.0,46.0,13.0,136.0,826:51,23:37,0.0,0.0,,54.0,15.0,10.0,38.0,,,,,,,,,,,,,,,,,,,,,,36.0,16.0,15.0,0,0.5161290322580645,0.17142857142857143,0.2,0.37142857142857144,1.3142857142857143,0.0,0.0,826.85,23.616666666666667,3.8812162893570486e-05,1.3991164699149708e-05,0.0,0.030803974481147738,0.015407583706453528,473
125.0,Elias Lindholm,31.0,BOS,C,24.0,5.0,16.0,21.0,2.0,14.0,1.0,4.0,0.0,1.0,10.0,6.0,0.0,34.0,14.7,79.0,404:31,16:51,208.0,176.0,54.2,23.0,22.0,5.0,18.0,,,,,,,,,,,,,,,,,,,,,,40.0,20.0,14.0,0,0.5882352941176471,0.20833333333333334,0.6666666666666666,0.875,1.4166666666666667,0.16666666666666666,0.0,404.51666666666665,16.85,3.8812162893570486e-05,1.2972876602674413e-05,0.0,0.030803974481147738,0.015407176391214939,474
295.0,Darnell Nurse,30.0,EDM,D,34.0,6.0,6.0,12.0,-7.0,45.0,6.0,0.0,0.0,0.0,5.0,0.0,1.0,76.0,7.9,166.0,703:50,20:42,0.0,0.0,,75.0,48.0,8.0,33.0,,,,,,,,,,,,,,,,,,,,,,38.0,16.0,12.0,0,0.5714285714285714,0.17647058823529413,0.17647058823529413,0.35294117647058826,2.235294117647059,0.0,0.0,703.8333333333334,20.7,3.8812162893570486e-05,1.1534966215046603e-05,0.0,0.030803974481147738,0.015406601227059887,475
246.0,Jean-Gabriel Pageau,33.0,NYI,C,26.0,6.0,8.0,14.0,0.0,0.0,4.0,0.0,2.0,2.0,6.0,0.0,2.0,27.0,22.2,52.0,403:59,15:32,238.0,164.0,59.2,28.0,38.0,8.0,20.0,,,,,,,,,,,,,,,,,,,,,,41.0,19.0,12.0,0,0.6129032258064516,0.23076923076923078,0.3076923076923077,0.5384615384615384,1.0384615384615385,0.0,0.07692307692307693,403.98333333333335,15.533333333333333,3.8812162893570486e-05,9.101534667145176e-06,0.0,0.030803974481147738,0.015405627854440726,476
186.0,Kiefer Sherwood,30.0,VAN,RW,33.0,13.0,4.0,17.0,-6.0,18.0,8.0,4.0,1.0,1.0,2.0,2.0,0.0,73.0,17.8,152.0,578:56,17:33,9.0,15.0,37.5,14.0,146.0,14.0,32.0,,,,,,,,,,,,,,,,,,,,,,29.0,13.0,17.0,0,0.43333333333333335,0.3939393939393939,0.12121212121212122,0.5151515151515151,2.212121212121212,0.12121212121212122,0.030303030303030304,578.9333333333333,17.55,3.8812162893570486e-05,6.545577170419223e-06,0.0,0.030803974481147738,0.015404605471442036,477
131.0,J.T. Miller,32.0,NYR,C,33.0,9.0,11.0,20.0,-11.0,10.0,6.0,3.0,0.0,2.0,9.0,2.0,0.0,73.0,12.3,144.0,687:06,20:49,279.0,185.0,60.1,11.0,73.0,4.0,33.0,,,,,,,,,,,,,,,,,,,,,,36.0,16.0,15.0,0,0.5161290322580645,0.2727272727272727,0.3333333333333333,0.6060606060606061,2.212121212121212,0.09090909090909091,0.0,687.1,20.816666666666666,3.8812162893570486e-05,5.760520311103634e-06,0.0,0.030803974481147738,0.01540429144869831,478
119.0,Alexander Wennberg,31.0,SJS,C,34.0,7.0,15.0,22.0,-7.0,8.0,4.0,3.0,0.0,2.0,12.0,3.0,0.0,42.0,16.7,70.0,700:15,20:36,251.0,298.0,45.7,43.0,10.0,13.0,24.0,,,,,,,,,,,,,,,,,,,,,,37.0,17.0,14.0,0,0.5483870967741935,0.20588235294117646,0.4411764705882353,0.6470588235294118,1.2352941176470589,0.08823529411764706,0.0,700.25,20.6,3.8812162893570486e-05,5.280337403809809e-06,0.0,0.030803974481147738,0.015404099375535392,479
127.0,Jordan Eberle,35.0,SEA,RW,31.0,10.0,10.0,20.0,1.0,10.0,8.0,2.0,0.0,2.0,4.0,6.0,0.0,79.0,12.7,148.0,606:25,19:34,8.0,12.0,40.0,12.0,27.0,10.0,27.0,,,,,,,,,,,,,,,,,,,,,,30.0,12.0,13.0,0,0.48,0.3225806451612903,0.3225806451612903,0.6451612903225806,2.5483870967741935,0.06451612903225806,0.0,606.4166666666666,19.566666666666666,3.8812162893570486e-05,4.798248066829993e-06,0.0,0.030803974481147738,0.0154039065398006,480
243.0,Jake McCabe,32.0,TOR,D,32.0,3.0,11.0,14.0,14.0,23.0,3.0,0.0,0.0,0.0,11.0,0.0,0.0,23.0,13.0,64.0,704:41,22:01,0.0,0.0,,82.0,47.0,11.0,45.0,,,,,,,,,,,,,,,,,,,,,,35.0,15.0,12.0,0,0.5555555555555556,0.09375,0.34375,0.4375,0.71875,0.0,0.0,704.6833333333333,22.016666666666666,3.8812162893570486e-05,4.6105839296584936e-06,0.0,0.030803974481147738,0.015403831474145733,481
48.0,Nazem Kadri,35.0,CGY,C,34.0,7.0,22.0,29.0,-10.0,18.0,6.0,1.0,0.0,1.0,13.0,9.0,0.0,108.0,6.5,224.0,674:46,19:51,218.0,225.0,49.2,12.0,22.0,8.0,38.0,,,,,,,,,,,,,,,,,,,,,,30.0,13.0,17.0,0,0.43333333333333335,0.20588235294117646,0.6470588235294118,0.8529411764705882,3.176470588235294,0.029411764705882353,0.0,674.7666666666667,19.85,3.8812162893570486e-05,4.107329861718168e-06,0.0,0.030803974481147738,0.015403630172518556,482
226.0,Viktor Arvidsson,32.0,BOS,LW,25.0,7.0,7.0,14.0,1.0,6.0,6.0,1.0,0.0,3.0,5.0,2.0,0.0,65.0,10.8,125.0,356:20,14:15,6.0,4.0,60.0,14.0,8.0,5.0,20.0,,,,,,,,,,,,,,,,,,,,,,40.0,20.0,14.0,0,0.5882352941176471,0.28,0.28,0.56,2.6,0.04,0.0,356.3333333333333,14.25,3.8812162893570486e-05,3.946085047314565e-06,0.0,0.030803974481147738,0.015403565674592794,483
205.0,Evan Rodrigues,32.0,FLA,C,32.0,8.0,8.0,16.0,0.0,16.0,8.0,0.0,0.0,0.0,6.0,2.0,0.0,69.0,11.6,135.0,547:22,17:06,164.0,192.0,46.1,13.0,33.0,9.0,26.0,,,,,,,,,,,,,,,,,,,,,,36.0,17.0,13.0,0,0.5666666666666667,0.25,0.25,0.5,2.15625,0.0,0.0,547.3666666666667,17.1,3.8812162893570486e-05,3.733330072384777e-06,0.0,0.030803974481147738,0.015403480572602823,484
303.0,Miles Wood,30.0,CBJ,LW,27.0,8.0,4.0,12.0,-5.0,14.0,8.0,0.0,0.0,1.0,3.0,0.0,1.0,44.0,18.2,76.0,366:03,13:33,1.0,5.0,16.7,7.0,32.0,3.0,20.0,,,,,,,,,,,,,,,,,,,,,,34.0,14.0,13.0,0,0.5185185185185185,0.2962962962962963,0.14814814814814814,0.4444444444444444,1.6296296296296295,0.0,0.0,366.05,13.55,3.8812162893570486e-05,3.5662820401943086e-06,0.0,0.030803974481147738,0.015403413753389947,485
171.0,Mattias Ekholm,35.0,EDM,D,34.0,3.0,14.0,17.0,3.0,14.0,3.0,0.0,0.0,1.0,12.0,2.0,0.0,67.0,4.5,150.0,698:21,20:32,0.0,0.0,,55.0,28.0,16.0,47.0,,,,,,,,,,,,,,,,,,,,,,38.0,16.0,12.0,0,0.5714285714285714,0.08823529411764706,0.4117647058823529,0.5,1.9705882352941178,0.0,0.0,698.35,20.533333333333335,3.8812162893570486e-05,3.4596944131112845e-06,0.0,0.030803974481147738,0.015403371118339114,486
162.0,Kyle Palmieri,34.0,NYI,RW,25.0,6.0,12.0,18.0,-2.0,8.0,4.0,1.0,1.0,1.0,8.0,4.0,0.0,71.0,8.5,126.0,471:55,18:53,2.0,2.0,50.0,9.0,19.0,8.0,18.0,,,,,,,,,,,,,,,,,,,,,,41.0,19.0,12.0,0,0.6129032258064516,0.24,0.48,0.72,2.84,0.04,0.04,471.9166666666667,18.883333333333333,3.8812162893570486e-05,3.2597507323037906e-06,0.0,0.030803974481147738,0.01540329114086679,487
138.0,Michael Bunting,30.0,NSH,LW,32.0,9.0,10.0,19.0,-7.0,6.0,6.0,3.0,0.0,0.0,6.0,4.0,0.0,51.0,17.6,116.0,468:24,14:38,3.0,9.0,25.0,14.0,19.0,1.0,22.0,,,,,,,,,,,,,,,,,,,,,,30.0,13.0,15.0,0,0.4642857142857143,0.28125,0.3125,0.59375,1.59375,0.09375,0.0,468.4,14.633333333333333,3.8812162893570486e-05,2.9118548703698286e-06,0.0,0.030803974481147738,0.015403151982522017,488
255.0,Connor Brown,32.0,NJD,RW,26.0,7.0,6.0,13.0,0.0,6.0,6.0,0.0,1.0,1.0,6.0,0.0,0.0,34.0,20.6,59.0,421:53,16:14,3.0,6.0,33.3,20.0,9.0,7.0,17.0,,,,,,,,,,,,,,,,,,,,,,37.0,18.0,14.0,0,0.5625,0.2692307692307692,0.23076923076923078,0.5,1.3076923076923077,0.0,0.038461538461538464,421.8833333333333,16.233333333333334,3.8812162893570486e-05,2.6799730525077516e-06,0.0,0.030803974481147738,0.015403059229794873,489
124.0,Anders Lee,35.0,NYI,LW,34.0,8.0,13.0,21.0,0.0,21.0,5.0,3.0,0.0,2.0,11.0,2.0,0.0,86.0,9.3,151.0,525:08,15:27,24.0,20.0,54.5,19.0,28.0,8.0,15.0,,,,,,,,,,,,,,,,,,,,,,41.0,19.0,12.0,0,0.6129032258064516,0.23529411764705882,0.38235294117647056,0.6176470588235294,2.5294117647058822,0.08823529411764706,0.0,525.1333333333333,15.45,3.8812162893570486e-05,2.09763299037715e-06,0.0,0.030803974481147738,0.01540282629377002,490
204.0,Ryan Pulock,31.0,NYI,D,34.0,1.0,15.0,16.0,7.0,2.0,1.0,0.0,0.0,0.0,13.0,1.0,1.0,44.0,2.3,100.0,715:03,21:02,0.0,0.0,,62.0,25.0,10.0,39.0,,,,,,,,,,,,,,,,,,,,,,41.0,19.0,12.0,0,0.6129032258064516,0.029411764705882353,0.4411764705882353,0.47058823529411764,1.2941176470588236,0.0,0.0,715.05,21.033333333333335,3.8812162893570486e-05,1.8353672898933155e-06,0.0,0.030803974481147738,0.015402721387489826,491
306.0,Artem Zub,30.0,OTT,D,31.0,3.0,9.0,12.0,4.0,16.0,3.0,0.0,0.0,0.0,9.0,0.0,0.0,35.0,8.6,80.0,630:40,20:21,0.0,0.0,,47.0,39.0,8.0,34.0,,,,,,,,,,,,,,,,,,,,,,34.0,15.0,13.0,0,0.5357142857142857,0.0967741935483871,0.2903225806451613,0.3870967741935484,1.1290322580645162,0.0,0.0,630.6666666666666,20.35,3.8812162893570486e-05,1.657643045348442e-06,0.0,0.030803974481147738,0.015402650297792008,492
260.0,Joel Edmundson,32.0,LAK,D,32.0,2.0,11.0,13.0,7.0,17.0,2.0,0.0,0.0,0.0,9.0,1.0,1.0,43.0,4.7,100.0,586:23,18:19,0.0,0.0,,35.0,41.0,4.0,33.0,,,,,,,,,,,,,,,,,,,,,,37.0,14.0,9.0,0,0.6086956521739131,0.0625,0.34375,0.40625,1.34375,0.0,0.0,586.3833333333333,18.316666666666666,3.8812162893570486e-05,1.3571698444857442e-06,0.0,0.030803974481147738,0.015402530108511663,493
161.0,Dmitry Orlov,34.0,SJS,D,34.0,1.0,17.0,18.0,-2.0,22.0,1.0,0.0,0.0,0.0,10.0,7.0,0.0,39.0,2.6,93.0,736:52,21:40,0.0,0.0,,37.0,43.0,8.0,43.0,,,,,,,,,,,,,,,,,,,,,,37.0,17.0,14.0,0,0.5483870967741935,0.029411764705882353,0.5,0.5294117647058824,1.1470588235294117,0.0,0.0,736.8666666666667,21.666666666666668,3.8812162893570486e-05,1.338383833316616e-06,0.0,0.030803974481147738,0.015402522594107196,494
239.0,Roman Josi,35.0,NSH,D,20.0,2.0,12.0,14.0,-4.0,16.0,2.0,0.0,0.0,0.0,9.0,3.0,0.0,53.0,3.8,113.0,469:15,23:28,0.0,0.0,,28.0,8.0,8.0,26.0,,,,,,,,,,,,,,,,,,,,,,30.0,13.0,15.0,0,0.4642857142857143,0.1,0.6,0.7,2.65,0.0,0.0,469.25,23.466666666666665,3.8812162893570486e-05,1.2144385451167539e-06,0.0,0.030803974481147738,0.015402473015991916,495
200.0,Kris Letang,38.0,PIT,D,32.0,2.0,14.0,16.0,2.0,14.0,1.0,1.0,0.0,1.0,8.0,6.0,0.0,53.0,3.8,124.0,689:50,21:33,0.0,0.0,,41.0,37.0,9.0,39.0,,,,,,,,,,,,,,,,,,,,,,37.0,14.0,9.0,0,0.6086956521739131,0.0625,0.4375,0.5,1.65625,0.03125,0.0,689.8333333333334,21.55,3.8812162893570486e-05,1.1919999576950534e-06,0.0,0.030803974481147738,0.015402464040556946,496
247.0,Corey Perry,40.0,LAK,RW,26.0,7.0,7.0,14.0,5.0,13.0,6.0,1.0,0.0,0.0,3.0,4.0,0.0,52.0,13.5,99.0,352:11,13:33,4.0,7.0,36.4,5.0,14.0,1.0,18.0,,,,,,,,,,,,,,,,,,,,,,37.0,14.0,9.0,0,0.6086956521739131,0.2692307692307692,0.2692307692307692,0.5384615384615384,2.0,0.038461538461538464,0.0,352.18333333333334,13.55,3.8812162893570486e-05,1.0082981662257598e-06,0.0,0.030803974481147738,0.015402390559840358,497
395.0,Ben Chiarot,34.0,DET,D,34.0,4.0,4.0,8.0,4.0,36.0,4.0,0.0,0.0,0.0,4.0,0.0,0.0,41.0,9.8,105.0,716:51,21:05,0.0,0.0,,77.0,77.0,11.0,39.0,,,,,,,,,,,,,,,,,,,,,,41.0,19.0,12.0,0,0.6129032258064516,0.11764705882352941,0.11764705882352941,0.23529411764705882,1.2058823529411764,0.0,0.0,716.85,21.083333333333332,3.8812162893570486e-05,9.772416847386862e-07,0.0,0.030803974481147738,0.015402378137247765,498
212.0,Blake Coleman,34.0,CGY,C,34.0,10.0,5.0,15.0,9.0,25.0,7.0,0.0,3.0,2.0,5.0,0.0,0.0,78.0,12.8,140.0,577:16,16:59,9.0,13.0,40.9,25.0,81.0,10.0,35.0,,,,,,,,,,,,,,,,,,,,,,30.0,13.0,17.0,0,0.43333333333333335,0.29411764705882354,0.14705882352941177,0.4411764705882353,2.2941176470588234,0.0,0.08823529411764706,577.2666666666667,16.983333333333334,3.8812162893570486e-05,9.226578668520124e-07,0.0,0.030803974481147738,0.01540235630372061,499
197.0,Anže Kopitar,38.0,LAK,C,28.0,6.0,10.0,16.0,8.0,6.0,3.0,3.0,0.0,1.0,6.0,4.0,0.0,44.0,13.6,89.0,527:07,18:50,305.0,233.0,56.7,25.0,17.0,8.0,29.0,,,,,,,,,,,,,,,,,,,,,,37.0,14.0,9.0,0,0.6086956521739131,0.21428571428571427,0.35714285714285715,0.5714285714285714,1.5714285714285714,0.10714285714285714,0.0,527.1166666666667,18.833333333333332,3.8812162893570486e-05,7.546228036563598e-07,0.0,0.030803974481147738,0.01540228908969533,500
126.0,Charlie Coyle,33.0,CBJ,C,33.0,5.0,15.0,20.0,-4.0,6.0,5.0,0.0,0.0,0.0,13.0,2.0,0.0,46.0,10.9,82.0,572:40,17:21,248.0,261.0,48.7,18.0,48.0,16.0,22.0,,,,,,,,,,,,,,,,,,,,,,34.0,14.0,13.0,0,0.5185185185185185,0.15151515151515152,0.45454545454545453,0.6060606060606061,1.393939393939394,0.0,0.0,572.6666666666666,17.35,3.8812162893570486e-05,6.11127814514497e-07,0.0,0.030803974481147738,0.015402231691699674,501
337.0,Brenden Dillon,35.0,NJD,D,33.0,3.0,7.0,10.0,-3.0,31.0,3.0,0.0,0.0,2.0,6.0,0.0,1.0,27.0,11.1,63.0,610:05,18:29,0.0,0.0,,52.0,83.0,6.0,15.0,,,,,,,,,,,,,,,,,,,,,,37.0,18.0,14.0,0,0.5625,0.09090909090909091,0.21212121212121213,0.30303030303030304,0.8181818181818182,0.0,0.0,610.0833333333334,18.483333333333334,3.8812162893570486e-05,5.829101571226331e-07,0.0,0.030803974481147738,0.015402220404636718,502
225.0,Joel Armia,32.0,LAK,RW,32.0,7.0,7.0,14.0,5.0,16.0,4.0,0.0,3.0,0.0,6.0,0.0,1.0,41.0,17.1,87.0,466:19,14:34,8.0,16.0,33.3,20.0,27.0,17.0,25.0,,,,,,,,,,,,,,,,,,,,,,37.0,14.0,9.0,0,0.6086956521739131,0.21875,0.21875,0.4375,1.28125,0.0,0.09375,466.31666666666666,14.566666666666666,3.8812162893570486e-05,5.664024536448323e-07,0.0,0.030803974481147738,0.015402213801555327,503
338.0,Drew Doughty,36.0,LAK,D,25.0,2.0,8.0,10.0,9.0,10.0,2.0,0.0,0.0,0.0,6.0,1.0,1.0,35.0,5.7,95.0,561:07,22:27,0.0,0.0,,39.0,13.0,8.0,31.0,,,,,,,,,,,,,,,,,,,,,,37.0,14.0,9.0,0,0.6086956521739131,0.08,0.32,0.4,1.4,0.0,0.0,561.1166666666667,22.45,3.8812162893570486e-05,5.355011235475795e-07,0.0,0.030803974481147738,0.015402201441023288,504
166.0,Chandler Stephenson,31.0,SEA,C,31.0,7.0,11.0,18.0,-11.0,4.0,3.0,4.0,0.0,0.0,6.0,4.0,1.0,52.0,13.5,85.0,624:22,20:08,323.0,301.0,51.8,25.0,9.0,13.0,27.0,,,,,,,,,,,,,,,,,,,,,,30.0,12.0,13.0,0,0.48,0.22580645161290322,0.3548387096774194,0.5806451612903226,1.6774193548387097,0.12903225806451613,0.0,624.3666666666667,20.133333333333333,3.8812162893570486e-05,5.32290311623859e-07,0.0,0.030803974481147738,0.015402200156698518,505
319.0,Hampus Lindholm,32.0,BOS,D,26.0,2.0,9.0,11.0,-5.0,26.0,1.0,1.0,0.0,1.0,7.0,2.0,0.0,39.0,5.1,96.0,574:22,22:05,0.0,0.0,,46.0,4.0,7.0,30.0,,,,,,,,,,,,,,,,,,,,,,40.0,20.0,14.0,0,0.5882352941176471,0.07692307692307693,0.34615384615384615,0.4230769230769231,1.5,0.038461538461538464,0.0,574.3666666666667,22.083333333333332,3.8812162893570486e-05,4.921382284038253e-07,0.0,0.030803974481147738,0.01540218409586523,506
257.0,Tony DeAngelo,30.0,NYI,D,34.0,1.0,12.0,13.0,-5.0,27.0,1.0,0.0,0.0,0.0,9.0,3.0,0.0,56.0,1.8,123.0,593:54,17:28,0.0,0.0,,31.0,14.0,4.0,45.0,,,,,,,,,,,,,,,,,,,,,,41.0,19.0,12.0,0,0.6129032258064516,0.029411764705882353,0.35294117647058826,0.38235294117647056,1.6470588235294117,0.0,0.0,593.9,17.466666666666665,3.8812162893570486e-05,4.878923020109755e-07,0.0,0.030803974481147738,0.015402182397494673,507
187.0,Teuvo Teräväinen,31.0,CHI,F,32.0,6.0,11.0,17.0,-1.0,4.0,4.0,2.0,0.0,1.0,5.0,6.0,0.0,35.0,17.1,81.0,605:45,18:56,28.0,33.0,45.9,23.0,14.0,9.0,36.0,,,,,,,,,,,,,,,,,,,,,,32.0,13.0,14.0,0,0.48148148148148145,0.1875,0.34375,0.53125,1.09375,0.0625,0.0,605.75,18.933333333333334,3.8812162893570486e-05,4.456893803842673e-07,0.0,0.030803974481147738,0.015402165516326023,508
305.0,Nikita Zadorov,30.0,BOS,D,34.0,1.0,11.0,12.0,12.0,66.0,1.0,0.0,0.0,0.0,11.0,0.0,0.0,40.0,2.5,107.0,747:45,21:60,0.0,0.0,,55.0,95.0,19.0,39.0,,,,,,,,,,,,,,,,,,,,,,40.0,20.0,14.0,0,0.5882352941176471,0.029411764705882353,0.3235294117647059,0.35294117647058826,1.1764705882352942,0.0,0.0,747.75,22.0,3.8812162893570486e-05,3.533104556482163e-07,0.0,0.030803974481147738,0.015402128564756128,509
144.0,Claude Giroux,38.0,OTT,C,32.0,5.0,14.0,19.0,8.0,8.0,4.0,1.0,0.0,1.0,9.0,5.0,0.0,52.0,9.6,93.0,556:27,17:23,196.0,97.0,66.9,12.0,28.0,8.0,25.0,,,,,,,,,,,,,,,,,,,,,,34.0,15.0,13.0,0,0.5357142857142857,0.15625,0.4375,0.59375,1.625,0.03125,0.0,556.45,17.383333333333333,3.8812162893570486e-05,2.1509298152906042e-07,0.0,0.030803974481147738,0.01540207327776648,510
399.0,Dougie Hamilton,32.0,NJD,D,29.0,4.0,4.0,8.0,-4.0,22.0,2.0,2.0,0.0,1.0,2.0,2.0,0.0,72.0,5.6,168.0,623:35,21:30,0.0,0.0,,30.0,29.0,4.0,47.0,,,,,,,,,,,,,,,,,,,,,,37.0,18.0,14.0,0,0.5625,0.13793103448275862,0.13793103448275862,0.27586206896551724,2.4827586206896552,0.06896551724137931,0.0,623.5833333333334,21.5,3.8812162893570486e-05,2.0190231384517075e-07,0.0,0.030803974481147738,0.015402068001499406,511
258.0,Dylan DeMelo,32.0,WPG,D,32.0,1.0,12.0,13.0,11.0,26.0,1.0,0.0,0.0,0.0,11.0,0.0,1.0,23.0,4.3,66.0,683:36,21:22,0.0,0.0,,52.0,48.0,8.0,33.0,,,,,,,,,,,,,,,,,,,,,,32.0,15.0,15.0,0,0.5,0.03125,0.375,0.40625,0.71875,0.0,0.0,683.6,21.366666666666667,3.8812162893570486e-05,2.0011556644739913e-07,0.0,0.030803974481147738,0.015402067286800448,512
278.0,Ian Cole,36.0,UTA,D,35.0,2.0,10.0,12.0,15.0,20.0,2.0,0.0,0.0,0.0,10.0,0.0,0.0,25.0,8.0,73.0,652:09,18:38,0.0,0.0,,73.0,39.0,5.0,33.0,,,,,,,,,,,,,,,,,,,,,,35.0,16.0,16.0,0,0.5,0.05714285714285714,0.2857142857142857,0.34285714285714286,0.7142857142857143,0.0,0.0,652.15,18.633333333333333,3.8812162893570486e-05,1.862763710814743e-07,0.0,0.030803974481147738,0.015402061751122301,513
301.0,Nate Schmidt,34.0,UTA,D,35.0,2.0,10.0,12.0,9.0,6.0,2.0,0.0,0.0,0.0,10.0,0.0,0.0,39.0,5.1,98.0,714:19,20:25,0.0,0.0,,34.0,38.0,8.0,32.0,,,,,,,,,,,,,,,,,,,,,,35.0,16.0,16.0,0,0.5,0.05714285714285714,0.2857142857142857,0.34285714285714286,1.1142857142857143,0.0,0.0,714.3166666666667,20.416666666666668,3.8812162893570486e-05,1.7091860285640768e-07,0.0,0.030803974481147738,0.015402055608015011,514
488.0,Carson Soucy,31.0,NYR,D,31.0,3.0,3.0,6.0,8.0,12.0,3.0,0.0,0.0,0.0,3.0,0.0,0.0,25.0,12.0,67.0,555:32,17:55,0.0,0.0,,46.0,48.0,7.0,30.0,,,,,,,,,,,,,,,,,,,,,,36.0,16.0,15.0,0,0.5161290322580645,0.0967741935483871,0.0967741935483871,0.1935483870967742,0.8064516129032258,0.0,0.0,555.5333333333333,17.916666666666668,3.8812162893570486e-05,1.24708134377544e-07,0.0,0.030803974481147738,0.01540203712382762,515
178.0,Jonathan Huberdeau,32.0,CGY,LW,29.0,6.0,11.0,17.0,-2.0,31.0,4.0,2.0,0.0,1.0,8.0,3.0,0.0,46.0,13.0,96.0,545:29,18:49,3.0,4.0,42.9,17.0,17.0,5.0,36.0,,,,,,,,,,,,,,,,,,,,,,30.0,13.0,17.0,0,0.43333333333333335,0.20689655172413793,0.3793103448275862,0.5862068965517241,1.5862068965517242,0.06896551724137931,0.0,545.4833333333333,18.816666666666666,3.8812162893570486e-05,1.2359147501370617e-07,0.0,0.030803974481147738,0.015402036677163874,516
182.0,Sean Monahan,31.0,CBJ,C,33.0,5.0,12.0,17.0,-3.0,8.0,4.0,1.0,0.0,2.0,5.0,7.0,0.0,61.0,8.2,98.0,610:50,18:31,327.0,283.0,53.6,16.0,21.0,10.0,27.0,,,,,,,,,,,,,,,,,,,,,,34.0,14.0,13.0,0,0.5185185185185185,0.15151515151515152,0.36363636363636365,0.5151515151515151,1.8484848484848484,0.030303030303030304,0.0,610.8333333333334,18.516666666666666,3.8812162893570486e-05,1.1759329792334022e-07,0.0,0.030803974481147738,0.015402034277893039,517
191.0,Jonathan Drouin,30.0,NYI,LW,28.0,3.0,13.0,16.0,4.0,17.0,3.0,0.0,0.0,0.0,10.0,3.0,0.0,40.0,7.5,85.0,516:16,18:26,46.0,43.0,51.7,13.0,6.0,5.0,15.0,,,,,,,,,,,,,,,,,,,,,,41.0,19.0,12.0,0,0.6129032258064516,0.10714285714285714,0.4642857142857143,0.5714285714285714,1.4285714285714286,0.0,0.0,516.2666666666667,18.433333333333334,3.8812162893570486e-05,1.1288200049889037e-07,0.0,0.030803974481147738,0.015402032393374069,518
190.0,Andrew Copp,31.0,DET,C,34.0,3.0,13.0,16.0,-4.0,14.0,3.0,0.0,0.0,0.0,8.0,5.0,0.0,43.0,7.0,83.0,507:57,14:56,177.0,140.0,55.8,25.0,18.0,7.0,26.0,,,,,,,,,,,,,,,,,,,,,,41.0,19.0,12.0,0,0.6129032258064516,0.08823529411764706,0.38235294117647056,0.47058823529411764,1.2647058823529411,0.0,0.0,507.95,14.933333333333334,3.8812162893570486e-05,7.880267139116934e-08,0.0,0.030803974481147738,0.015402018761642424,519
386.0,Damon Severson,31.0,CBJ,D,33.0,2.0,7.0,9.0,2.0,16.0,1.0,1.0,0.0,0.0,6.0,1.0,0.0,36.0,5.6,112.0,651:05,19:44,0.0,0.0,,31.0,27.0,11.0,38.0,,,,,,,,,,,,,,,,,,,,,,34.0,14.0,13.0,0,0.5185185185185185,0.06060606060606061,0.21212121212121213,0.2727272727272727,1.0909090909090908,0.030303030303030304,0.0,651.0833333333334,19.733333333333334,3.8812162893570486e-05,7.865421778571637e-08,0.0,0.030803974481147738,0.015402018702260984,520
419.0,James van Riemsdyk,36.0,DET,LW,27.0,7.0,1.0,8.0,-10.0,8.0,4.0,3.0,0.0,1.0,1.0,0.0,0.0,43.0,16.3,88.0,328:20,12:10,1.0,1.0,50.0,14.0,6.0,3.0,17.0,,,,,,,,,,,,,,,,,,,,,,41.0,19.0,12.0,0,0.6129032258064516,0.25925925925925924,0.037037037037037035,0.2962962962962963,1.5925925925925926,0.1111111111111111,0.0,328.3333333333333,12.166666666666666,3.8812162893570486e-05,6.324235565375432e-08,0.0,0.030803974481147738,0.01540201253751613,521
268.0,Mason Marchment,30.0,SEA,F,28.0,4.0,9.0,13.0,-3.0,26.0,4.0,0.0,0.0,1.0,6.0,3.0,0.0,46.0,8.7,109.0,474:41,16:57,10.0,21.0,32.3,10.0,38.0,9.0,38.0,,,,,,,,,,,,,,,,,,,,,,30.0,12.0,13.0,0,0.48,0.14285714285714285,0.32142857142857145,0.4642857142857143,1.6428571428571428,0.0,0.0,474.68333333333334,16.95,3.8812162893570486e-05,4.309661793158372e-08,0.0,0.030803974481147738,0.015402004479221042,522
453.0,Cody Ceci,32.0,LAK,D,32.0,1.0,5.0,6.0,-5.0,8.0,1.0,0.0,0.0,0.0,4.0,0.0,1.0,29.0,3.4,84.0,559:28,17:29,0.0,0.0,,45.0,15.0,6.0,29.0,,,,,,,,,,,,,,,,,,,,,,37.0,14.0,9.0,0,0.6086956521739131,0.03125,0.15625,0.1875,0.90625,0.0,0.0,559.4666666666667,17.483333333333334,3.8812162893570486e-05,4.244421716425382e-08,0.0,0.030803974481147738,0.015402004218260735,523
219.0,Nino Niederreiter,33.0,WPG,RW,32.0,6.0,9.0,15.0,-1.0,8.0,5.0,1.0,0.0,1.0,5.0,4.0,0.0,45.0,13.3,87.0,452:45,14:09,3.0,2.0,60.0,12.0,47.0,5.0,25.0,,,,,,,,,,,,,,,,,,,,,,32.0,15.0,15.0,0,0.5,0.1875,0.28125,0.46875,1.40625,0.03125,0.0,452.75,14.15,3.8812162893570486e-05,4.190812834171513e-08,0.0,0.030803974481147738,0.015402004003825206,524
404.0,Adam Larsson,33.0,SEA,D,31.0,2.0,6.0,8.0,-5.0,16.0,2.0,0.0,0.0,1.0,6.0,0.0,0.0,31.0,6.5,66.0,666:02,21:29,0.0,0.0,,68.0,42.0,6.0,18.0,,,,,,,,,,,,,,,,,,,,,,30.0,12.0,13.0,0,0.48,0.06451612903225806,0.1935483870967742,0.25806451612903225,1.0,0.0,0.0,666.0333333333333,21.483333333333334,3.8812162893570486e-05,4.147484070256385e-08,0.0,0.030803974481147738,0.01540200383051015,525
315.0,Yanni Gourde,34.0,TBL,C,33.0,5.0,6.0,11.0,3.0,22.0,5.0,0.0,0.0,1.0,6.0,0.0,0.0,50.0,10.0,83.0,537:57,16:18,153.0,185.0,45.3,15.0,45.0,8.0,35.0,,,,,,,,,,,,,,,,,,,,,,39.0,18.0,12.0,0,0.6,0.15151515151515152,0.18181818181818182,0.3333333333333333,1.5151515151515151,0.0,0.0,537.95,16.3,3.8812162893570486e-05,4.11192824666375e-08,0.0,0.030803974481147738,0.015402003688286856,526
467.0,Zemgus Girgensons,32.0,TBL,C,26.0,5.0,1.0,6.0,-1.0,6.0,5.0,0.0,0.0,0.0,1.0,0.0,0.0,35.0,14.3,62.0,393:58,15:09,35.0,56.0,38.5,19.0,76.0,1.0,18.0,,,,,,,,,,,,,,,,,,,,,,39.0,18.0,12.0,0,0.6,0.19230769230769232,0.038461538461538464,0.23076923076923078,1.3461538461538463,0.0,0.0,393.96666666666664,15.15,3.8812162893570486e-05,4.0312941360472046e-08,0.0,0.030803974481147738,0.015402003365750414,527
286.0,Alex Iafallo,32.0,WPG,C,32.0,6.0,6.0,12.0,0.0,6.0,4.0,2.0,0.0,1.0,4.0,2.0,0.0,49.0,12.2,84.0,479:23,14:59,8.0,6.0,57.1,22.0,44.0,5.0,10.0,,,,,,,,,,,,,,,,,,,,,,32.0,15.0,15.0,0,0.5,0.1875,0.1875,0.375,1.53125,0.0625,0.0,479.3833333333333,14.983333333333333,3.8812162893570486e-05,3.420793581086196e-08,0.0,0.030803974481147738,0.015402000923748193,528
330.0,Josh Anderson,31.0,MTL,RW,33.0,6.0,4.0,10.0,-8.0,31.0,6.0,0.0,0.0,0.0,3.0,0.0,1.0,39.0,15.4,67.0,487:25,14:46,14.0,7.0,66.7,26.0,64.0,3.0,21.0,,,,,,,,,,,,,,,,,,,,,,38.0,17.0,12.0,0,0.5862068965517241,0.18181818181818182,0.12121212121212122,0.30303030303030304,1.1818181818181819,0.0,0.0,487.4166666666667,14.766666666666667,3.8812162893570486e-05,2.971841540636759e-08,0.0,0.030803974481147738,0.015401999127940031,529
283.0,Cam Fowler,34.0,STL,D,34.0,1.0,11.0,12.0,-15.0,8.0,1.0,0.0,0.0,0.0,3.0,7.0,1.0,49.0,2.0,122.0,749:37,22:03,0.0,0.0,,33.0,4.0,8.0,29.0,,,,,,,,,,,,,,,,,,,,,,31.0,12.0,15.0,0,0.4444444444444444,0.029411764705882353,0.3235294117647059,0.35294117647058826,1.4411764705882353,0.0,0.0,749.6166666666667,22.05,3.8812162893570486e-05,2.669051138006747e-08,0.0,0.030803974481147738,0.015401997916778421,530
519.0,Scott Mayfield,33.0,NYI,D,32.0,1.0,4.0,5.0,2.0,53.0,1.0,0.0,0.0,0.0,4.0,0.0,0.0,33.0,3.0,79.0,574:26,17:57,0.0,0.0,,46.0,25.0,5.0,29.0,,,,,,,,,,,,,,,,,,,,,,41.0,19.0,12.0,0,0.6129032258064516,0.03125,0.125,0.15625,1.03125,0.0,0.0,574.4333333333333,17.95,3.8812162893570486e-05,2.39760633842846e-08,0.0,0.030803974481147738,0.015401996830999222,531
292.0,Trevor Moore,30.0,LAK,LW,31.0,4.0,8.0,12.0,1.0,6.0,3.0,0.0,1.0,0.0,7.0,0.0,1.0,58.0,6.9,113.0,494:36,15:57,2.0,8.0,20.0,18.0,13.0,11.0,28.0,,,,,,,,,,,,,,,,,,,,,,37.0,14.0,9.0,0,0.6086956521739131,0.12903225806451613,0.25806451612903225,0.3870967741935484,1.8709677419354838,0.0,0.03225806451612903,494.6,15.95,3.8812162893570486e-05,2.1292339678510007e-08,0.0,0.030803974481147738,0.01540199575750974,532
365.0,Mason Appleton,30.0,DET,C,26.0,3.0,6.0,9.0,-2.0,22.0,3.0,0.0,0.0,1.0,6.0,0.0,0.0,28.0,10.7,45.0,352:48,13:34,2.0,5.0,28.6,12.0,28.0,0.0,14.0,,,,,,,,,,,,,,,,,,,,,,41.0,19.0,12.0,0,0.6129032258064516,0.11538461538461539,0.23076923076923078,0.34615384615384615,1.0769230769230769,0.0,0.0,352.8,13.566666666666666,3.8812162893570486e-05,2.0846970151552854e-08,0.0,0.030803974481147738,0.01540199557936193,533
352.0,Jonathan Marchessault,35.0,NSH,C,27.0,7.0,3.0,10.0,-17.0,6.0,3.0,4.0,0.0,1.0,3.0,0.0,0.0,59.0,11.9,124.0,464:13,17:12,8.0,8.0,50.0,5.0,38.0,4.0,32.0,,,,,,,,,,,,,,,,,,,,,,30.0,13.0,15.0,0,0.4642857142857143,0.25925925925925924,0.1111111111111111,0.37037037037037035,2.185185185185185,0.14814814814814814,0.0,464.21666666666664,17.2,3.8812162893570486e-05,2.044184301465713e-08,0.0,0.030803974481147738,0.015401995417311075,534
358.0,Brady Skjei,31.0,NSH,D,32.0,1.0,9.0,10.0,-12.0,14.0,1.0,0.0,0.0,0.0,7.0,2.0,0.0,52.0,1.9,128.0,715:48,22:22,0.0,0.0,,31.0,25.0,12.0,49.0,,,,,,,,,,,,,,,,,,,,,,30.0,13.0,15.0,0,0.4642857142857143,0.03125,0.28125,0.3125,1.625,0.0,0.0,715.8,22.366666666666667,3.8812162893570486e-05,2.0102916439814517e-08,0.0,0.030803974481147738,0.015401995281740445,535
272.0,Brayden Schenn,34.0,STL,C,34.0,6.0,7.0,13.0,-20.0,23.0,5.0,1.0,0.0,1.0,6.0,1.0,0.0,48.0,12.5,101.0,562:44,16:33,185.0,142.0,56.6,13.0,79.0,8.0,29.0,,,,,,,,,,,,,,,,,,,,,,31.0,12.0,15.0,0,0.4444444444444444,0.17647058823529413,0.20588235294117646,0.38235294117647056,1.411764705882353,0.029411764705882353,0.0,562.7333333333333,16.55,3.8812162893570486e-05,1.9113750617365e-08,0.0,0.030803974481147738,0.015401994886074116,536
397.0,Nick Cousins,32.0,OTT,C,31.0,5.0,3.0,8.0,2.0,31.0,5.0,0.0,0.0,1.0,3.0,0.0,0.0,23.0,21.7,47.0,320:21,10:20,7.0,11.0,38.9,14.0,64.0,6.0,19.0,,,,,,,,,,,,,,,,,,,,,,34.0,15.0,13.0,0,0.5357142857142857,0.16129032258064516,0.0967741935483871,0.25806451612903225,0.7419354838709677,0.0,0.0,320.35,10.333333333333334,3.8812162893570486e-05,1.8951833778873053e-08,0.0,0.030803974481147738,0.01540199482130738,537
170.0,Pavel Buchnevich,30.0,STL,LW,34.0,5.0,12.0,17.0,-12.0,8.0,3.0,2.0,0.0,0.0,7.0,5.0,0.0,56.0,8.9,118.0,619:16,18:13,6.0,10.0,37.5,13.0,21.0,12.0,28.0,,,,,,,,,,,,,,,,,,,,,,31.0,12.0,15.0,0,0.4444444444444444,0.14705882352941177,0.35294117647058826,0.5,1.6470588235294117,0.058823529411764705,0.0,619.2666666666667,18.216666666666665,3.8812162893570486e-05,1.644778921145437e-08,0.0,0.030803974481147738,0.015401993819689553,538
310.0,J.T. Compher,30.0,DET,LW,34.0,4.0,7.0,11.0,-7.0,13.0,4.0,0.0,0.0,0.0,7.0,0.0,0.0,40.0,10.0,73.0,533:02,15:41,210.0,200.0,51.2,26.0,13.0,3.0,16.0,,,,,,,,,,,,,,,,,,,,,,41.0,19.0,12.0,0,0.6129032258064516,0.11764705882352941,0.20588235294117646,0.3235294117647059,1.1764705882352942,0.0,0.0,533.0333333333333,15.683333333333334,3.8812162893570486e-05,1.6356589799720377e-08,0.0,0.030803974481147738,0.015401993783209788,539
281.0,Anthony Duclair,30.0,NYI,LW,34.0,4.0,8.0,12.0,0.0,8.0,3.0,1.0,0.0,1.0,7.0,1.0,0.0,44.0,9.1,81.0,443:17,13:02,2.0,2.0,50.0,22.0,3.0,4.0,13.0,,,,,,,,,,,,,,,,,,,,,,41.0,19.0,12.0,0,0.6129032258064516,0.11764705882352941,0.23529411764705882,0.35294117647058826,1.2941176470588236,0.029411764705882353,0.0,443.28333333333336,13.033333333333333,3.8812162893570486e-05,1.5929228819856004e-08,0.0,0.030803974481147738,0.015401993612265397,540
569.0,Adam Pelech,31.0,NYI,D,34.0,1.0,3.0,4.0,7.0,10.0,1.0,0.0,0.0,1.0,3.0,0.0,0.0,52.0,1.9,133.0,692:04,20:21,0.0,0.0,,53.0,18.0,16.0,29.0,,,,,,,,,,,,,,,,,,,,,,41.0,19.0,12.0,0,0.6129032258064516,0.029411764705882353,0.08823529411764706,0.11764705882352941,1.5294117647058822,0.0,0.0,692.0666666666667,20.35,3.8812162893570486e-05,1.4820764679431866e-08,0.0,0.030803974481147738,0.015401993168879741,541
472.0,Nick Jensen,35.0,OTT,D,32.0,1.0,5.0,6.0,-8.0,6.0,1.0,0.0,0.0,0.0,5.0,0.0,0.0,20.0,5.0,71.0,538:02,16:49,0.0,0.0,,33.0,22.0,8.0,30.0,,,,,,,,,,,,,,,,,,,,,,34.0,15.0,13.0,0,0.5357142857142857,0.03125,0.15625,0.1875,0.625,0.0,0.0,538.0333333333333,16.816666666666666,3.8812162893570486e-05,1.4304169931420723e-08,0.0,0.030803974481147738,0.015401992962241842,542
174.0,Erik Haula,34.0,NSH,LW,32.0,4.0,13.0,17.0,-10.0,20.0,3.0,1.0,0.0,0.0,7.0,6.0,0.0,43.0,9.3,91.0,535:38,16:44,202.0,182.0,52.6,15.0,42.0,9.0,20.0,,,,,,,,,,,,,,,,,,,,,,30.0,13.0,15.0,0,0.4642857142857143,0.125,0.40625,0.53125,1.34375,0.03125,0.0,535.6333333333333,16.733333333333334,3.8812162893570486e-05,1.3304672580027685e-08,0.0,0.030803974481147738,0.015401992562442901,543
188.0,Mikael Backlund,36.0,CGY,C,34.0,5.0,11.0,16.0,10.0,8.0,5.0,0.0,0.0,0.0,9.0,0.0,2.0,71.0,7.0,127.0,581:05,17:05,326.0,305.0,51.7,12.0,16.0,11.0,29.0,,,,,,,,,,,,,,,,,,,,,,30.0,13.0,17.0,0,0.43333333333333335,0.14705882352941177,0.3235294117647059,0.47058823529411764,2.088235294117647,0.0,0.0,581.0833333333334,17.083333333333332,3.8812162893570486e-05,1.301415320011577e-08,0.0,0.030803974481147738,0.01540199244623515,544
527.0,Jamie Oleksiak,33.0,SEA,D,29.0,2.0,3.0,5.0,2.0,8.0,2.0,0.0,0.0,0.0,3.0,0.0,0.0,31.0,6.5,64.0,468:53,16:10,0.0,0.0,,41.0,41.0,10.0,28.0,,,,,,,,,,,,,,,,,,,,,,30.0,12.0,13.0,0,0.48,0.06896551724137931,0.10344827586206896,0.1724137931034483,1.0689655172413792,0.0,0.0,468.8833333333333,16.166666666666668,3.8812162893570486e-05,1.2241143011321147e-08,0.0,0.030803974481147738,0.015401992137031074,545
195.0,Evander Kane,34.0,VAN,LW,32.0,6.0,10.0,16.0,-5.0,44.0,4.0,2.0,0.0,1.0,8.0,2.0,0.0,80.0,7.5,185.0,554:48,17:20,8.0,18.0,30.8,13.0,57.0,8.0,26.0,,,,,,,,,,,,,,,,,,,,,,29.0,13.0,17.0,0,0.43333333333333335,0.1875,0.3125,0.5,2.5,0.0625,0.0,554.8,17.333333333333332,3.8812162893570486e-05,1.1972120465650637e-08,0.0,0.030803974481147738,0.015401992029422055,546
484.0,Neal Pionk,30.0,WPG,D,28.0,2.0,4.0,6.0,1.0,10.0,1.0,1.0,0.0,1.0,3.0,1.0,0.0,57.0,3.5,132.0,640:25,22:52,0.0,0.0,,46.0,59.0,6.0,33.0,,,,,,,,,,,,,,,,,,,,,,32.0,15.0,15.0,0,0.5,0.07142857142857142,0.14285714285714285,0.21428571428571427,2.0357142857142856,0.03571428571428571,0.0,640.4166666666666,22.866666666666667,3.8812162893570486e-05,1.0792386425506749e-08,0.0,0.030803974481147738,0.015401991557528439,547
459.0,Brian Dumoulin,34.0,LAK,D,32.0,0.0,6.0,6.0,-1.0,8.0,0.0,0.0,0.0,0.0,5.0,0.0,1.0,34.0,0.0,84.0,620:32,19:24,0.0,0.0,,42.0,17.0,8.0,38.0,,,,,,,,,,,,,,,,,,,,,,37.0,14.0,9.0,0,0.6086956521739131,0.0,0.1875,0.1875,1.0625,0.0,0.0,620.5333333333333,19.4,3.8812162893570486e-05,1.074882328400872e-08,0.0,0.030803974481147738,0.015401991540103183,548
556.0,Calle Järnkrok,34.0,TOR,C,21.0,4.0,0.0,4.0,-8.0,4.0,4.0,0.0,0.0,0.0,0.0,0.0,0.0,21.0,19.0,30.0,246:05,11:43,6.0,4.0,60.0,3.0,14.0,2.0,7.0,,,,,,,,,,,,,,,,,,,,,,35.0,15.0,12.0,0,0.5555555555555556,0.19047619047619047,0.0,0.19047619047619047,1.0,0.0,0.0,246.08333333333334,11.716666666666667,3.8812162893570486e-05,1.060885459551397e-08,0.0,0.030803974481147738,0.015401991484115706,549
444.0,Jeff Skinner,33.0,SJS,LW,22.0,4.0,3.0,7.0,-5.0,14.0,4.0,0.0,0.0,0.0,2.0,1.0,0.0,40.0,10.0,79.0,279:17,12:42,2.0,7.0,22.2,7.0,11.0,6.0,19.0,,,,,,,,,,,,,,,,,,,,,,37.0,17.0,14.0,0,0.5483870967741935,0.18181818181818182,0.13636363636363635,0.3181818181818182,1.8181818181818181,0.0,0.0,279.28333333333336,12.7,3.8812162893570486e-05,9.021523915380912e-09,0.0,0.030803974481147738,0.015401990849183434,550
420.0,MacKenzie Weegar,32.0,CGY,D,34.0,2.0,6.0,8.0,-20.0,35.0,2.0,0.0,0.0,0.0,4.0,2.0,0.0,77.0,2.6,187.0,811:05,23:51,0.0,0.0,,71.0,86.0,14.0,60.0,,,,,,,,,,,,,,,,,,,,,,30.0,13.0,17.0,0,0.43333333333333335,0.058823529411764705,0.17647058823529413,0.23529411764705882,2.264705882352941,0.0,0.0,811.0833333333334,23.85,3.8812162893570486e-05,7.991345946953871e-09,0.0,0.030803974481147738,0.015401990437112248,551
353.0,Colton Parayko,32.0,STL,D,34.0,0.0,10.0,10.0,-10.0,10.0,0.0,0.0,0.0,0.0,10.0,0.0,0.0,41.0,0.0,101.0,776:26,22:50,0.0,0.0,,82.0,33.0,14.0,41.0,,,,,,,,,,,,,,,,,,,,,,31.0,12.0,15.0,0,0.4444444444444444,0.0,0.29411764705882354,0.29411764705882354,1.2058823529411764,0.0,0.0,776.4333333333333,22.833333333333332,3.8812162893570486e-05,7.638601807402102e-09,0.0,0.030803974481147738,0.015401990296014592,552
227.0,Oliver Bjorkstrand,30.0,TBL,RW,33.0,4.0,10.0,14.0,-5.0,2.0,1.0,3.0,0.0,1.0,7.0,3.0,0.0,53.0,7.5,128.0,467:27,14:10,5.0,6.0,45.5,18.0,31.0,7.0,21.0,,,,,,,,,,,,,,,,,,,,,,39.0,18.0,12.0,0,0.6,0.12121212121212122,0.30303030303030304,0.42424242424242425,1.606060606060606,0.09090909090909091,0.0,467.45,14.166666666666666,3.8812162893570486e-05,7.381589510144104e-09,0.0,0.030803974481147738,0.015401990193209673,553
220.0,David Perron,37.0,OTT,LW,32.0,4.0,11.0,15.0,-2.0,10.0,2.0,2.0,0.0,0.0,8.0,3.0,0.0,43.0,9.3,77.0,444:13,13:53,1.0,5.0,16.7,14.0,44.0,9.0,19.0,,,,,,,,,,,,,,,,,,,,,,34.0,15.0,13.0,0,0.5357142857142857,0.125,0.34375,0.46875,1.34375,0.0625,0.0,444.21666666666664,13.883333333333333,3.8812162893570486e-05,7.374299817717626e-09,0.0,0.030803974481147738,0.015401990190293795,554
409.0,Vladislav Namestnikov,33.0,WPG,C,32.0,6.0,2.0,8.0,-5.0,20.0,4.0,2.0,0.0,1.0,2.0,0.0,0.0,49.0,12.2,93.0,476:46,14:54,55.0,83.0,39.9,20.0,45.0,3.0,24.0,,,,,,,,,,,,,,,,,,,,,,32.0,15.0,15.0,0,0.5,0.1875,0.0625,0.25,1.53125,0.0625,0.0,476.76666666666665,14.9,3.8812162893570486e-05,6.0502899042274126e-09,0.0,0.030803974481147738,0.01540198966068983,555
280.0,Max Domi,30.0,TOR,LW,31.0,3.0,9.0,12.0,-12.0,18.0,3.0,0.0,0.0,1.0,6.0,3.0,0.0,48.0,6.3,90.0,427:50,13:48,97.0,91.0,51.6,16.0,16.0,6.0,33.0,,,,,,,,,,,,,,,,,,,,,,35.0,15.0,12.0,0,0.5555555555555556,0.0967741935483871,0.2903225806451613,0.3870967741935484,1.5483870967741935,0.0,0.0,427.8333333333333,13.8,3.8812162893570486e-05,4.829968742863317e-09,0.0,0.030803974481147738,0.015401989172561366,556
396.0,Casey Cizikas,34.0,NYI,C,34.0,3.0,5.0,8.0,-1.0,8.0,3.0,0.0,0.0,0.0,5.0,0.0,0.0,20.0,15.0,43.0,358:00,10:32,117.0,125.0,48.3,26.0,81.0,5.0,19.0,,,,,,,,,,,,,,,,,,,,,,41.0,19.0,12.0,0,0.6129032258064516,0.08823529411764706,0.14705882352941177,0.23529411764705882,0.5882352941176471,0.0,0.0,358.0,10.533333333333333,3.8812162893570486e-05,4.3693362333264656e-09,0.0,0.030803974481147738,0.015401988988308362,557
483.0,Jeff Petry,38.0,FLA,D,30.0,0.0,6.0,6.0,-2.0,14.0,0.0,0.0,0.0,0.0,4.0,2.0,0.0,24.0,0.0,73.0,436:18,14:33,0.0,0.0,,33.0,25.0,1.0,25.0,,,,,,,,,,,,,,,,,,,,,,36.0,17.0,13.0,0,0.5666666666666667,0.0,0.2,0.2,0.8,0.0,0.0,436.3,14.55,3.8812162893570486e-05,4.168550370388255e-09,0.0,0.030803974481147738,0.015401988907994017,558
435.0,Tyler Myers,35.0,VAN,D,33.0,1.0,6.0,7.0,-10.0,24.0,1.0,0.0,0.0,0.0,6.0,0.0,0.0,34.0,2.9,94.0,677:42,20:32,0.0,0.0,,65.0,42.0,10.0,35.0,,,,,,,,,,,,,,,,,,,,,,29.0,13.0,17.0,0,0.43333333333333335,0.030303030303030304,0.18181818181818182,0.21212121212121213,1.0303030303030303,0.0,0.0,677.7,20.533333333333335,3.8812162893570486e-05,4.078910509355571e-09,0.0,0.030803974481147738,0.015401988872138072,559
348.0,Sean Kuraly,33.0,BOS,C,34.0,3.0,7.0,10.0,2.0,22.0,3.0,0.0,0.0,0.0,7.0,0.0,0.0,47.0,6.4,94.0,485:14,14:16,169.0,192.0,46.8,23.0,37.0,10.0,25.0,,,,,,,,,,,,,,,,,,,,,,40.0,20.0,14.0,0,0.5882352941176471,0.08823529411764706,0.20588235294117646,0.29411764705882354,1.3823529411764706,0.0,0.0,485.23333333333335,14.266666666666667,3.8812162893570486e-05,4.0257402467393565e-09,0.0,0.030803974481147738,0.015401988850869967,560
456.0,Jason Dickinson,30.0,CHI,C,20.0,3.0,3.0,6.0,-7.0,6.0,2.0,0.0,1.0,0.0,2.0,0.0,1.0,27.0,11.1,56.0,304:45,15:14,154.0,152.0,50.3,15.0,21.0,4.0,14.0,,,,,,,,,,,,,,,,,,,,,,32.0,13.0,14.0,0,0.48148148148148145,0.15,0.15,0.3,1.35,0.0,0.05,304.75,15.233333333333333,3.8812162893570486e-05,3.546203551192945e-09,0.0,0.030803974481147738,0.01540198865905529,561
392.0,Nathan Walker,31.0,STL,C,25.0,3.0,6.0,9.0,-2.0,14.0,3.0,0.0,0.0,1.0,6.0,0.0,0.0,27.0,11.1,46.0,315:38,12:38,27.0,22.0,55.1,21.0,95.0,2.0,13.0,,,,,,,,,,,,,,,,,,,,,,31.0,12.0,15.0,0,0.4444444444444444,0.12,0.24,0.36,1.08,0.0,0.0,315.6333333333333,12.633333333333333,3.8812162893570486e-05,2.5567356522768215e-09,0.0,0.030803974481147738,0.01540198826326813,562
406.0,Ilya Mikheyev,31.0,CHI,F,31.0,4.0,4.0,8.0,-4.0,8.0,4.0,0.0,0.0,1.0,3.0,0.0,1.0,56.0,7.1,94.0,546:37,17:38,0.0,5.0,0.0,10.0,13.0,10.0,24.0,,,,,,,,,,,,,,,,,,,,,,32.0,13.0,14.0,0,0.48148148148148145,0.12903225806451613,0.12903225806451613,0.25806451612903225,1.8064516129032258,0.0,0.0,546.6166666666667,17.633333333333333,3.8812162893570486e-05,2.1041082127146316e-09,0.0,0.030803974481147738,0.015401988082217153,563
637.0,Brett Kulak,32.0,2TM,D,32.0,0.0,2.0,2.0,-7.0,12.0,0.0,0.0,0.0,0.0,2.0,0.0,0.0,33.0,0.0,90.0,564:14,17:38,0.0,0.0,,40.0,4.0,5.0,20.0,,,,,,,,,,,,,,,,,,,,,,0.0,0.0,0.0,0,,0.0,0.0625,0.0625,1.03125,0.0,0.0,564.2333333333333,17.633333333333333,3.8812162893570486e-05,1.884490487239907e-09,0.0,0.030803974481147738,0.015401987994370064,564
503.0,Matt Grzelcyk,32.0,CHI,D,33.0,0.0,5.0,5.0,6.0,14.0,0.0,0.0,0.0,0.0,4.0,0.0,1.0,38.0,0.0,88.0,538:52,16:20,0.0,0.0,,27.0,16.0,8.0,25.0,,,,,,,,,,,,,,,,,,,,,,32.0,13.0,14.0,0,0.48148148148148145,0.0,0.15151515151515152,0.15151515151515152,1.1515151515151516,0.0,0.0,538.8666666666667,16.333333333333332,3.8812162893570486e-05,1.7400327607758858e-09,0.0,0.030803974481147738,0.015401987936586974,565
637.0,Brett Kulak,32.0,EDM,D,31.0,0.0,2.0,2.0,-7.0,10.0,0.0,0.0,0.0,0.0,2.0,0.0,0.0,33.0,0.0,87.0,548:52,17:42,0.0,0.0,,38.0,4.0,5.0,18.0,,,,,,,,,,,,,,,,,,,,,,38.0,16.0,12.0,0,0.5714285714285714,0.0,0.06451612903225806,0.06451612903225806,1.064516129032258,0.0,0.0,548.8666666666667,17.7,3.8812162893570486e-05,1.508898960756508e-09,0.0,0.030803974481147738,0.015401987844133453,566
601.0,Connor Murphy,32.0,CHI,D,33.0,0.0,3.0,3.0,-5.0,28.0,0.0,0.0,0.0,0.0,3.0,0.0,0.0,28.0,0.0,62.0,501:58,15:13,0.0,0.0,,46.0,29.0,6.0,28.0,,,,,,,,,,,,,,,,,,,,,,32.0,13.0,14.0,0,0.48148148148148145,0.0,0.09090909090909091,0.09090909090909091,0.8484848484848485,0.0,0.0,501.96666666666664,15.216666666666667,3.8812162893570486e-05,1.0145344757209195e-09,0.0,0.030803974481147738,0.01540198764638766,567
528.0,Tanner Pearson,33.0,WPG,LW,27.0,4.0,1.0,5.0,3.0,12.0,4.0,0.0,0.0,1.0,1.0,0.0,0.0,22.0,18.2,41.0,297:55,11:02,3.0,6.0,33.3,16.0,32.0,3.0,16.0,,,,,,,,,,,,,,,,,,,,,,32.0,15.0,15.0,0,0.5,0.14814814814814814,0.037037037037037035,0.18518518518518517,0.8148148148148148,0.0,0.0,297.9166666666667,11.033333333333333,3.8812162893570486e-05,9.115801886619526e-10,0.0,0.030803974481147738,0.015401987605205945,568
496.0,Nick Bjugstad,33.0,STL,C,25.0,4.0,1.0,5.0,-4.0,12.0,4.0,0.0,0.0,0.0,1.0,0.0,0.0,39.0,10.3,64.0,286:09,11:27,74.0,68.0,52.1,18.0,52.0,2.0,4.0,,,,,,,,,,,,,,,,,,,,,,31.0,12.0,15.0,0,0.4444444444444444,0.16,0.04,0.2,1.56,0.0,0.0,286.15,11.45,3.8812162893570486e-05,8.088145960623261e-10,0.0,0.030803974481147738,0.015401987564099707,569
553.0,Joel Hanley,34.0,CGY,D,31.0,0.0,4.0,4.0,-1.0,13.0,0.0,0.0,0.0,0.0,4.0,0.0,0.0,21.0,0.0,58.0,473:28,15:16,0.0,0.0,,43.0,22.0,7.0,26.0,,,,,,,,,,,,,,,,,,,,,,30.0,13.0,17.0,0,0.43333333333333335,0.0,0.12903225806451613,0.12903225806451613,0.6774193548387096,0.0,0.0,473.46666666666664,15.266666666666667,3.8812162893570486e-05,6.087813216370631e-10,0.0,0.030803974481147738,0.015401987484086397,570
572.0,Luke Schenn,36.0,WPG,D,23.0,0.0,4.0,4.0,-6.0,21.0,0.0,0.0,0.0,0.0,4.0,0.0,0.0,18.0,0.0,49.0,314:21,13:40,0.0,0.0,,29.0,60.0,4.0,25.0,,,,,,,,,,,,,,,,,,,,,,32.0,15.0,15.0,0,0.5,0.0,0.17391304347826086,0.17391304347826086,0.782608695652174,0.0,0.0,314.35,13.666666666666666,3.8812162893570486e-05,5.980948028304688e-10,0.0,0.030803974481147738,0.01540198747981179,571
373.0,Adam Henrique,35.0,EDM,C,34.0,2.0,7.0,9.0,-9.0,10.0,2.0,0.0,0.0,0.0,4.0,2.0,1.0,53.0,3.8,92.0,489:09,14:23,187.0,148.0,55.8,45.0,20.0,7.0,25.0,,,,,,,,,,,,,,,,,,,,,,38.0,16.0,12.0,0,0.5714285714285714,0.058823529411764705,0.20588235294117646,0.2647058823529412,1.5588235294117647,0.0,0.0,489.15,14.383333333333333,3.8812162893570486e-05,5.980918034971557e-10,0.0,0.030803974481147738,0.01540198747981059,572
391.0,Jonathan Toews,37.0,WPG,C,32.0,3.0,6.0,9.0,-13.0,16.0,2.0,1.0,0.0,0.0,4.0,2.0,0.0,47.0,6.4,82.0,497:22,15:33,264.0,162.0,62.0,16.0,6.0,5.0,22.0,,,,,,,,,,,,,,,,,,,,,,32.0,15.0,15.0,0,0.5,0.09375,0.1875,0.28125,1.46875,0.03125,0.0,497.3666666666667,15.55,3.8812162893570486e-05,4.1346581196981407e-10,0.0,0.030803974481147738,0.015401987405960193,573
313.0,Brendan Gallagher,33.0,MTL,RW,33.0,2.0,9.0,11.0,-2.0,14.0,1.0,1.0,0.0,0.0,7.0,2.0,0.0,54.0,3.7,103.0,425:22,12:53,5.0,3.0,62.5,6.0,39.0,4.0,15.0,,,,,,,,,,,,,,,,,,,,,,38.0,17.0,12.0,0,0.5862068965517241,0.06060606060606061,0.2727272727272727,0.3333333333333333,1.6363636363636365,0.030303030303030304,0.0,425.3666666666667,12.883333333333333,3.8812162893570486e-05,3.6959097146818276e-10,0.0,0.030803974481147738,0.015401987388410258,574
361.0,Oskar Sundqvist,31.0,STL,C,25.0,1.0,9.0,10.0,-11.0,12.0,1.0,0.0,0.0,0.0,8.0,1.0,0.0,17.0,5.9,38.0,331:49,13:16,87.0,109.0,44.4,12.0,34.0,5.0,7.0,,,,,,,,,,,,,,,,,,,,,,31.0,12.0,15.0,0,0.4444444444444444,0.04,0.36,0.4,0.68,0.0,0.0,331.81666666666666,13.266666666666667,3.8812162893570486e-05,3.327892566625498e-10,0.0,0.030803974481147738,0.015401987373689571,575
497.0,Jonny Brodzinski,32.0,NYR,C,22.0,2.0,3.0,5.0,2.0,4.0,2.0,0.0,0.0,0.0,3.0,0.0,0.0,22.0,9.1,66.0,258:37,11:45,11.0,7.0,61.1,9.0,9.0,7.0,12.0,,,,,,,,,,,,,,,,,,,,,,36.0,16.0,15.0,0,0.5161290322580645,0.09090909090909091,0.13636363636363635,0.22727272727272727,1.0,0.0,0.0,258.6166666666667,11.75,3.8812162893570486e-05,3.225324639397674e-10,0.0,0.030803974481147738,0.015401987369586855,576
461.0,Lars Eller,36.0,OTT,C,28.0,2.0,4.0,6.0,-6.0,6.0,1.0,0.0,1.0,0.0,4.0,0.0,0.0,24.0,8.3,52.0,363:18,12:59,158.0,103.0,60.5,18.0,21.0,4.0,14.0,,,,,,,,,,,,,,,,,,,,,,34.0,15.0,13.0,0,0.5357142857142857,0.07142857142857142,0.14285714285714285,0.21428571428571427,0.8571428571428571,0.0,0.03571428571428571,363.3,12.983333333333333,3.8812162893570486e-05,2.3277094225144487e-10,0.0,0.030803974481147738,0.015401987333682246,577
468.0,Barclay Goodrow,32.0,SJS,RW,34.0,3.0,3.0,6.0,-8.0,14.0,3.0,0.0,0.0,0.0,3.0,0.0,0.0,29.0,10.3,55.0,398:31,11:43,10.0,18.0,35.7,26.0,50.0,4.0,15.0,,,,,,,,,,,,,,,,,,,,,,37.0,17.0,14.0,0,0.5483870967741935,0.08823529411764706,0.08823529411764706,0.17647058823529413,0.8529411764705882,0.0,0.0,398.51666666666665,11.716666666666667,3.8812162893570486e-05,2.3221277493485862e-10,0.0,0.030803974481147738,0.015401987333458978,578
437.0,Ondřej Palát,34.0,NJD,LW,33.0,2.0,5.0,7.0,1.0,8.0,2.0,0.0,0.0,0.0,4.0,1.0,0.0,40.0,5.0,78.0,431:11,13:04,3.0,6.0,33.3,29.0,52.0,6.0,15.0,,,,,,,,,,,,,,,,,,,,,,37.0,18.0,14.0,0,0.5625,0.06060606060606061,0.15151515151515152,0.21212121212121213,1.2121212121212122,0.0,0.0,431.18333333333334,13.066666666666666,3.8812162893570486e-05,1.7766556053463698e-10,0.0,0.030803974481147738,0.015401987311640093,579
452.0,Sam Carrick,33.0,NYR,C,35.0,1.0,5.0,6.0,2.0,28.0,1.0,0.0,0.0,0.0,4.0,0.0,1.0,35.0,2.9,71.0,378:53,10:50,129.0,112.0,53.5,18.0,51.0,7.0,13.0,,,,,,,,,,,,,,,,,,,,,,36.0,16.0,15.0,0,0.5161290322580645,0.02857142857142857,0.14285714285714285,0.17142857142857143,1.0,0.0,0.0,378.8833333333333,10.833333333333334,3.8812162893570486e-05,7.620543252623371e-11,0.0,0.030803974481147738,0.015401987271056041,580
387.0,Conor Sheary,33.0,NYR,LW,32.0,1.0,8.0,9.0,-2.0,8.0,1.0,0.0,0.0,0.0,6.0,2.0,0.0,50.0,2.0,99.0,472:16,14:46,8.0,5.0,61.5,22.0,14.0,12.0,21.0,,,,,,,,,,,,,,,,,,,,,,36.0,16.0,15.0,0,0.5161290322580645,0.03125,0.25,0.28125,1.5625,0.0,0.0,472.26666666666665,14.766666666666667,3.8812162893570486e-05,6.937592325717852e-11,0.0,0.030803974481147738,0.015401987268324238,581
524.0,Stefan Noesen,32.0,NJD,RW,27.0,2.0,3.0,5.0,-8.0,29.0,2.0,0.0,0.0,0.0,2.0,1.0,0.0,35.0,5.7,69.0,322:49,11:57,13.0,12.0,52.0,10.0,28.0,2.0,16.0,,,,,,,,,,,,,,,,,,,,,,37.0,18.0,14.0,0,0.5625,0.07407407407407407,0.1111111111111111,0.18518518518518517,1.2962962962962963,0.0,0.0,322.81666666666666,11.95,3.8812162893570486e-05,6.684809333069652e-11,0.0,0.030803974481147738,0.015401987267313106,582
501.0,Phillip Danault,32.0,LAK,C,30.0,0.0,5.0,5.0,3.0,6.0,0.0,0.0,0.0,0.0,4.0,0.0,1.0,42.0,0.0,88.0,489:40,16:19,219.0,195.0,52.9,11.0,22.0,4.0,25.0,,,,,,,,,,,,,,,,,,,,,,37.0,14.0,9.0,0,0.6086956521739131,0.0,0.16666666666666666,0.16666666666666666,1.4,0.0,0.0,489.6666666666667,16.316666666666666,3.8812162893570486e-05,4.0247211988227375e-11,0.0,0.030803974481147738,0.015401987256672753,583
515.0,Adam Lowry,32.0,WPG,LW,20.0,1.0,4.0,5.0,2.0,10.0,1.0,0.0,0.0,0.0,4.0,0.0,0.0,19.0,5.3,45.0,284:45,14:14,120.0,117.0,50.6,19.0,48.0,3.0,12.0,,,,,,,,,,,,,,,,,,,,,,32.0,15.0,15.0,0,0.5,0.05,0.2,0.25,0.95,0.0,0.0,284.75,14.233333333333333,3.8812162893570486e-05,2.8538597820844955e-11,0.0,0.030803974481147738,0.015401987251989309,584
591.0,Luke Glendening,36.0,NJD,C,33.0,0.0,3.0,3.0,-5.0,2.0,0.0,0.0,0.0,0.0,2.0,0.0,1.0,16.0,0.0,32.0,340:55,10:20,190.0,166.0,53.4,28.0,44.0,2.0,8.0,,,,,,,,,,,,,,,,,,,,,,37.0,18.0,14.0,0,0.5625,0.0,0.09090909090909091,0.09090909090909091,0.48484848484848486,0.0,0.0,340.9166666666667,10.333333333333334,3.8812162893570486e-05,1.6373375659987006e-11,0.0,0.030803974481147738,0.015401987247123218,585
651.0,Ryan Reaves,39.0,SJS,RW,28.0,2.0,0.0,2.0,-8.0,19.0,2.0,0.0,0.0,0.0,0.0,0.0,0.0,16.0,12.5,29.0,217:13,7:45,0.0,2.0,0.0,8.0,100.0,4.0,11.0,,,,,,,,,,,,,,,,,,,,,,37.0,17.0,14.0,0,0.5483870967741935,0.07142857142857142,0.0,0.07142857142857142,0.5714285714285714,0.0,0.0,217.21666666666667,7.75,3.8812162893570486e-05,1.0628157995559316e-11,0.0,0.030803974481147738,0.015401987244825131,586
520.0,Michael McCarron,30.0,NSH,RW,31.0,1.0,4.0,5.0,-9.0,36.0,1.0,0.0,0.0,0.0,4.0,0.0,0.0,38.0,2.6,70.0,445:36,14:22,239.0,194.0,55.2,29.0,86.0,6.0,19.0,,,,,,,,,,,,,,,,,,,,,,30.0,13.0,15.0,0,0.4642857142857143,0.03225806451612903,0.12903225806451613,0.16129032258064516,1.2258064516129032,0.0,0.0,445.6,14.366666666666667,3.8812162893570486e-05,7.16968741431739e-12,0.0,0.030803974481147738,0.015401987243441743,587
643.0,Ryan Lomberg,31.0,CGY,LW,30.0,1.0,1.0,2.0,0.0,31.0,1.0,0.0,0.0,0.0,1.0,0.0,0.0,31.0,3.2,53.0,260:04,8:40,4.0,5.0,44.4,9.0,82.0,1.0,13.0,,,,,,,,,,,,,,,,,,,,,,30.0,13.0,17.0,0,0.43333333333333335,0.03333333333333333,0.03333333333333333,0.06666666666666667,1.0333333333333334,0.0,0.0,260.06666666666666,8.666666666666666,3.8812162893570486e-05,2.4707529412642423e-12,0.0,0.030803974481147738,0.01540198724156217,588
481.0,Gustav Nyquist,36.0,WPG,RW,23.0,0.0,6.0,6.0,-1.0,4.0,0.0,0.0,0.0,0.0,3.0,3.0,0.0,32.0,0.0,60.0,289:11,12:34,6.0,9.0,40.0,10.0,14.0,10.0,10.0,,,,,,,,,,,,,,,,,,,,,,32.0,15.0,15.0,0,0.5,0.0,0.2608695652173913,0.2608695652173913,1.391304347826087,0.0,0.0,289.18333333333334,12.566666666666666,3.8812162893570486e-05,1.7965772652227765e-12,0.0,0.030803974481147738,0.0154019872412925,589
736.0,Dmitriy Simashev,20.0,UTA,D,24.0,0.0,1.0,1.0,-9.0,18.0,0.0,0.0,0.0,0.0,1.0,0.0,0.0,23.0,0.0,42.0,371:21,15:28,0.0,0.0,,26.0,8.0,1.0,26.0,,,,,,,,,,,,,,,,,,,,,,35.0,16.0,16.0,0,0.5,0.0,0.041666666666666664,0.041666666666666664,0.9583333333333334,0.0,0.0,371.35,15.466666666666667,1.403491659171895e-05,8.417372561361425e-10,0.0,0.03067503084374109,0.015337515758565448,590
744.0,Maxim Tsyplakov,27.0,NYI,F,20.0,1.0,0.0,1.0,-6.0,0.0,1.0,0.0,0.0,0.0,0.0,0.0,0.0,15.0,6.7,36.0,189:46,9:29,3.0,7.0,30.0,4.0,37.0,3.0,14.0,,,,,,,,,,,,,,,,,,,,,,41.0,19.0,12.0,0,0.6129032258064516,0.05,0.0,0.05,0.75,0.0,0.0,189.76666666666668,9.483333333333333,1.403491659171895e-05,7.723935223931503e-11,0.0,0.03067503084374109,0.015337515452766286,591
725.0,Liam Ohgren,22.0,2TM,LW,20.0,1.0,0.0,1.0,-3.0,0.0,1.0,0.0,0.0,0.0,0.0,0.0,0.0,21.0,4.8,43.0,190:30,9:32,2.0,2.0,50.0,9.0,30.0,1.0,9.0,,,,,,,,,,,,,,,,,,,,,,0.0,0.0,0.0,0,,0.05,0.0,0.05,1.05,0.0,0.0,190.5,9.533333333333333,1.403491659171895e-05,2.416282560483252e-11,0.0,0.03067503084374109,0.015337515431535675,592
134.0,Juraj Slafkovsky,21.0,MTL,LW,33.0,9.0,11.0,20.0,0.0,20.0,3.0,6.0,0.0,0.0,6.0,5.0,0.0,64.0,14.1,129.0,587:38,17:48,9.0,22.0,29.0,29.0,56.0,2.0,23.0,,,,,,,,,,,,,,,,,,,,,,38.0,17.0,12.0,0,0.5862068965517241,0.2727272727272727,0.3333333333333333,0.6060606060606061,1.9393939393939394,0.18181818181818182,0.0,587.6333333333333,17.8,-7.303571166558209e-05,1.173463843199799e-05,0.0,0.030221905287252614,0.015115646498999106,593
84.0,Mika Zibanejad,32.0,NYR,C,34.0,11.0,14.0,25.0,-8.0,6.0,4.0,6.0,1.0,2.0,10.0,4.0,0.0,101.0,10.9,183.0,696:42,20:29,231.0,214.0,51.9,22.0,51.0,14.0,43.0,,,,,,,,,,,,,,,,,,,,,,36.0,16.0,15.0,0,0.5161290322580645,0.3235294117647059,0.4117647058823529,0.7352941176470589,2.9705882352941178,0.17647058823529413,0.029411764705882353,696.7,20.483333333333334,-8.278819507170896e-05,3.5418739113466725e-05,0.0,0.03017115224275307,0.015099743617021922,594
85.0,Quinn Hughes,26.0,2TM,D,28.0,3.0,22.0,25.0,-8.0,12.0,1.0,2.0,0.0,0.0,11.0,11.0,0.0,79.0,3.8,199.0,769:36,27:29,0.0,0.0,,35.0,2.0,10.0,41.0,,,,,,,,,,,,,,,,,,,,,,0.0,0.0,0.0,0,,0.10714285714285714,0.7857142857142857,0.8928571428571429,2.8214285714285716,0.07142857142857142,0.0,769.6,27.483333333333334,-0.00031452085358987103,0.00025816109985034015,0.0,0.028965188854763034,0.014585858867321654,595
85.0,Quinn Hughes,26.0,VAN,D,26.0,2.0,21.0,23.0,-10.0,12.0,0.0,2.0,0.0,0.0,11.0,10.0,0.0,74.0,2.7,190.0,713:08,27:26,0.0,0.0,,32.0,1.0,10.0,41.0,,,,,,,,,,,,,,,,,,,,,,29.0,13.0,17.0,0,0.43333333333333335,0.07692307692307693,0.8076923076923077,0.8846153846153846,2.8461538461538463,0.07692307692307693,0.0,713.1333333333333,27.433333333333334,-0.00031452085358987103,7.521574160574518e-06,0.0,0.028965188854763034,0.014485603057045746,596
213.0,Jake DeBrusk,29.0,VAN,LW,33.0,9.0,6.0,15.0,-9.0,4.0,1.0,8.0,0.0,0.0,5.0,1.0,0.0,93.0,9.7,157.0,588:34,17:50,10.0,10.0,50.0,12.0,23.0,3.0,20.0,,,,,,,,,,,,,,,,,,,,,,29.0,13.0,17.0,0,0.43333333333333335,0.2727272727272727,0.18181818181818182,0.45454545454545453,2.8181818181818183,0.24242424242424243,0.0,588.5666666666667,17.833333333333332,-0.00034508595156422934,2.092004541999102e-08,0.0,0.028806124572054188,0.014403070654045261,597
78.0,Rasmus Dahlin,25.0,BUF,D,29.0,3.0,22.0,25.0,-9.0,35.0,2.0,1.0,0.0,0.0,13.0,9.0,0.0,80.0,3.8,188.0,702:38,24:14,0.0,0.0,,36.0,25.0,16.0,52.0,,,,,,,,,,,,,,,,,,,,,,32.0,14.0,14.0,0,0.5,0.10344827586206896,0.7586206896551724,0.8620689655172413,2.7586206896551726,0.034482758620689655,0.0,702.6333333333333,24.233333333333334,-0.0015977134137011024,0.00012634062620549668,0.0,0.022287307294473296,0.011194189897718846,598
